year,month,crop,category,oceanic_nino_index,rainfall_anomaly_pct,modal_price_rs_per_quintal,retail_equivalent_rs_per_kg
2000,1,Rice,Kharif Grain,-0.5,-8.0,540.0,5.4
2000,1,Wheat,Rabi Grain,-0.5,-8.0,580.0,5.8
2000,1,Maize,Coarse Grain,-0.5,-8.0,450.0,4.5
2000,1,Barley,Rabi Grain,-0.5,-8.0,480.0,4.8
2000,1,Tur_Arhar,Pulse,-0.5,-8.0,1350.0,13.5
2000,1,Chana_Gram,Pulse,-0.5,-8.0,1100.0,11.0
2000,1,Moong,Pulse,-0.5,-8.0,1400.0,14.0
2000,1,Urad,Pulse,-0.5,-8.0,1300.0,13.0
2000,1,Soybean,Oilseed,-0.5,-8.0,900.0,9.0
2000,1,Mustard,Oilseed,-0.5,-8.0,1200.0,12.0
2000,1,Groundnut,Oilseed,-0.5,-8.0,1300.0,13.0
2000,1,Sugarcane,Commercial,-0.5,-8.0,85.0,0.85
2000,2,Rice,Kharif Grain,-0.5,-8.0,540.0,5.4
2000,2,Wheat,Rabi Grain,-0.5,-8.0,580.0,5.8
2000,2,Maize,Coarse Grain,-0.5,-8.0,450.0,4.5
2000,2,Barley,Rabi Grain,-0.5,-8.0,480.0,4.8
2000,2,Tur_Arhar,Pulse,-0.5,-8.0,1350.0,13.5
2000,2,Chana_Gram,Pulse,-0.5,-8.0,1100.0,11.0
2000,2,Moong,Pulse,-0.5,-8.0,1400.0,14.0
2000,2,Urad,Pulse,-0.5,-8.0,1300.0,13.0
2000,2,Soybean,Oilseed,-0.5,-8.0,900.0,9.0
2000,2,Mustard,Oilseed,-0.5,-8.0,1200.0,12.0
2000,2,Groundnut,Oilseed,-0.5,-8.0,1300.0,13.0
2000,2,Sugarcane,Commercial,-0.5,-8.0,85.0,0.85
2000,3,Rice,Kharif Grain,-0.5,-8.0,540.0,5.4
2000,3,Wheat,Rabi Grain,-0.5,-8.0,580.0,5.8
2000,3,Maize,Coarse Grain,-0.5,-8.0,450.0,4.5
2000,3,Barley,Rabi Grain,-0.5,-8.0,480.0,4.8
2000,3,Tur_Arhar,Pulse,-0.5,-8.0,1350.0,13.5
2000,3,Chana_Gram,Pulse,-0.5,-8.0,1100.0,11.0
2000,3,Moong,Pulse,-0.5,-8.0,1400.0,14.0
2000,3,Urad,Pulse,-0.5,-8.0,1300.0,13.0
2000,3,Soybean,Oilseed,-0.5,-8.0,900.0,9.0
2000,3,Mustard,Oilseed,-0.5,-8.0,1200.0,12.0
2000,3,Groundnut,Oilseed,-0.5,-8.0,1300.0,13.0
2000,3,Sugarcane,Commercial,-0.5,-8.0,85.0,0.85
2000,4,Rice,Kharif Grain,-0.5,-8.0,540.0,5.4
2000,4,Wheat,Rabi Grain,-0.5,-8.0,580.0,5.8
2000,4,Maize,Coarse Grain,-0.5,-8.0,450.0,4.5
2000,4,Barley,Rabi Grain,-0.5,-8.0,480.0,4.8
2000,4,Tur_Arhar,Pulse,-0.5,-8.0,1350.0,13.5
2000,4,Chana_Gram,Pulse,-0.5,-8.0,1100.0,11.0
2000,4,Moong,Pulse,-0.5,-8.0,1400.0,14.0
2000,4,Urad,Pulse,-0.5,-8.0,1300.0,13.0
2000,4,Soybean,Oilseed,-0.5,-8.0,900.0,9.0
2000,4,Mustard,Oilseed,-0.5,-8.0,1200.0,12.0
2000,4,Groundnut,Oilseed,-0.5,-8.0,1300.0,13.0
2000,4,Sugarcane,Commercial,-0.5,-8.0,85.0,0.85
2000,5,Rice,Kharif Grain,-0.5,-8.0,540.0,5.4
2000,5,Wheat,Rabi Grain,-0.5,-8.0,580.0,5.8
2000,5,Maize,Coarse Grain,-0.5,-8.0,450.0,4.5
2000,5,Barley,Rabi Grain,-0.5,-8.0,480.0,4.8
2000,5,Tur_Arhar,Pulse,-0.5,-8.0,1350.0,13.5
2000,5,Chana_Gram,Pulse,-0.5,-8.0,1100.0,11.0
2000,5,Moong,Pulse,-0.5,-8.0,1400.0,14.0
2000,5,Urad,Pulse,-0.5,-8.0,1300.0,13.0
2000,5,Soybean,Oilseed,-0.5,-8.0,900.0,9.0
2000,5,Mustard,Oilseed,-0.5,-8.0,1200.0,12.0
2000,5,Groundnut,Oilseed,-0.5,-8.0,1300.0,13.0
2000,5,Sugarcane,Commercial,-0.5,-8.0,85.0,0.85
2000,6,Rice,Kharif Grain,-0.5,-8.0,540.0,5.4
2000,6,Wheat,Rabi Grain,-0.5,-8.0,580.0,5.8
2000,6,Maize,Coarse Grain,-0.5,-8.0,450.0,4.5
2000,6,Barley,Rabi Grain,-0.5,-8.0,480.0,4.8
2000,6,Tur_Arhar,Pulse,-0.5,-8.0,1350.0,13.5
2000,6,Chana_Gram,Pulse,-0.5,-8.0,1100.0,11.0
2000,6,Moong,Pulse,-0.5,-8.0,1400.0,14.0
2000,6,Urad,Pulse,-0.5,-8.0,1300.0,13.0
2000,6,Soybean,Oilseed,-0.5,-8.0,900.0,9.0
2000,6,Mustard,Oilseed,-0.5,-8.0,1200.0,12.0
2000,6,Groundnut,Oilseed,-0.5,-8.0,1300.0,13.0
2000,6,Sugarcane,Commercial,-0.5,-8.0,85.0,0.85
2000,7,Rice,Kharif Grain,-0.5,-8.0,540.0,5.4
2000,7,Wheat,Rabi Grain,-0.5,-8.0,580.0,5.8
2000,7,Maize,Coarse Grain,-0.5,-8.0,450.0,4.5
2000,7,Barley,Rabi Grain,-0.5,-8.0,480.0,4.8
2000,7,Tur_Arhar,Pulse,-0.5,-8.0,1350.0,13.5
2000,7,Chana_Gram,Pulse,-0.5,-8.0,1100.0,11.0
2000,7,Moong,Pulse,-0.5,-8.0,1400.0,14.0
2000,7,Urad,Pulse,-0.5,-8.0,1300.0,13.0
2000,7,Soybean,Oilseed,-0.5,-8.0,900.0,9.0
2000,7,Mustard,Oilseed,-0.5,-8.0,1200.0,12.0
2000,7,Groundnut,Oilseed,-0.5,-8.0,1300.0,13.0
2000,7,Sugarcane,Commercial,-0.5,-8.0,85.0,0.85
2000,8,Rice,Kharif Grain,-0.5,-8.0,540.0,5.4
2000,8,Wheat,Rabi Grain,-0.5,-8.0,580.0,5.8
2000,8,Maize,Coarse Grain,-0.5,-8.0,450.0,4.5
2000,8,Barley,Rabi Grain,-0.5,-8.0,480.0,4.8
2000,8,Tur_Arhar,Pulse,-0.5,-8.0,1350.0,13.5
2000,8,Chana_Gram,Pulse,-0.5,-8.0,1100.0,11.0
2000,8,Moong,Pulse,-0.5,-8.0,1400.0,14.0
2000,8,Urad,Pulse,-0.5,-8.0,1300.0,13.0
2000,8,Soybean,Oilseed,-0.5,-8.0,900.0,9.0
2000,8,Mustard,Oilseed,-0.5,-8.0,1200.0,12.0
2000,8,Groundnut,Oilseed,-0.5,-8.0,1300.0,13.0
2000,8,Sugarcane,Commercial,-0.5,-8.0,85.0,0.85
2000,9,Rice,Kharif Grain,-0.5,-8.0,540.0,5.4
2000,9,Wheat,Rabi Grain,-0.5,-8.0,580.0,5.8
2000,9,Maize,Coarse Grain,-0.5,-8.0,450.0,4.5
2000,9,Barley,Rabi Grain,-0.5,-8.0,480.0,4.8
2000,9,Tur_Arhar,Pulse,-0.5,-8.0,1350.0,13.5
2000,9,Chana_Gram,Pulse,-0.5,-8.0,1100.0,11.0
2000,9,Moong,Pulse,-0.5,-8.0,1400.0,14.0
2000,9,Urad,Pulse,-0.5,-8.0,1300.0,13.0
2000,9,Soybean,Oilseed,-0.5,-8.0,900.0,9.0
2000,9,Mustard,Oilseed,-0.5,-8.0,1200.0,12.0
2000,9,Groundnut,Oilseed,-0.5,-8.0,1300.0,13.0
2000,9,Sugarcane,Commercial,-0.5,-8.0,85.0,0.85
2000,10,Rice,Kharif Grain,-0.5,-8.0,540.0,5.4
2000,10,Wheat,Rabi Grain,-0.5,-8.0,580.0,5.8
2000,10,Maize,Coarse Grain,-0.5,-8.0,450.0,4.5
2000,10,Barley,Rabi Grain,-0.5,-8.0,480.0,4.8
2000,10,Tur_Arhar,Pulse,-0.5,-8.0,1350.0,13.5
2000,10,Chana_Gram,Pulse,-0.5,-8.0,1100.0,11.0
2000,10,Moong,Pulse,-0.5,-8.0,1400.0,14.0
2000,10,Urad,Pulse,-0.5,-8.0,1300.0,13.0
2000,10,Soybean,Oilseed,-0.5,-8.0,900.0,9.0
2000,10,Mustard,Oilseed,-0.5,-8.0,1200.0,12.0
2000,10,Groundnut,Oilseed,-0.5,-8.0,1300.0,13.0
2000,10,Sugarcane,Commercial,-0.5,-8.0,85.0,0.85
2000,11,Rice,Kharif Grain,-0.5,-8.0,540.0,5.4
2000,11,Wheat,Rabi Grain,-0.5,-8.0,580.0,5.8
2000,11,Maize,Coarse Grain,-0.5,-8.0,450.0,4.5
2000,11,Barley,Rabi Grain,-0.5,-8.0,480.0,4.8
2000,11,Tur_Arhar,Pulse,-0.5,-8.0,1350.0,13.5
2000,11,Chana_Gram,Pulse,-0.5,-8.0,1100.0,11.0
2000,11,Moong,Pulse,-0.5,-8.0,1400.0,14.0
2000,11,Urad,Pulse,-0.5,-8.0,1300.0,13.0
2000,11,Soybean,Oilseed,-0.5,-8.0,900.0,9.0
2000,11,Mustard,Oilseed,-0.5,-8.0,1200.0,12.0
2000,11,Groundnut,Oilseed,-0.5,-8.0,1300.0,13.0
2000,11,Sugarcane,Commercial,-0.5,-8.0,85.0,0.85
2000,12,Rice,Kharif Grain,-0.5,-8.0,540.0,5.4
2000,12,Wheat,Rabi Grain,-0.5,-8.0,580.0,5.8
2000,12,Maize,Coarse Grain,-0.5,-8.0,450.0,4.5
2000,12,Barley,Rabi Grain,-0.5,-8.0,480.0,4.8
2000,12,Tur_Arhar,Pulse,-0.5,-8.0,1350.0,13.5
2000,12,Chana_Gram,Pulse,-0.5,-8.0,1100.0,11.0
2000,12,Moong,Pulse,-0.5,-8.0,1400.0,14.0
2000,12,Urad,Pulse,-0.5,-8.0,1300.0,13.0
2000,12,Soybean,Oilseed,-0.5,-8.0,900.0,9.0
2000,12,Mustard,Oilseed,-0.5,-8.0,1200.0,12.0
2000,12,Groundnut,Oilseed,-0.5,-8.0,1300.0,13.0
2000,12,Sugarcane,Commercial,-0.5,-8.0,85.0,0.85
2001,1,Rice,Kharif Grain,-0.1,-8.0,614.0,6.14
2001,1,Wheat,Rabi Grain,-0.1,-8.0,648.0,6.48
2001,1,Maize,Coarse Grain,-0.1,-8.0,515.0,5.15
2001,1,Barley,Rabi Grain,-0.1,-8.0,538.0,5.38
2001,1,Tur_Arhar,Pulse,-0.1,-8.0,1590.0,15.9
2001,1,Chana_Gram,Pulse,-0.1,-8.0,1260.0,12.6
2001,1,Moong,Pulse,-0.1,-8.0,1650.0,16.5
2001,1,Urad,Pulse,-0.1,-8.0,1530.0,15.3
2001,1,Soybean,Oilseed,-0.1,-8.0,1065.0,10.65
2001,1,Mustard,Oilseed,-0.1,-8.0,1370.0,13.7
2001,1,Groundnut,Oilseed,-0.1,-8.0,1490.0,14.9
2001,1,Sugarcane,Commercial,-0.1,-8.0,97.0,0.97
2001,2,Rice,Kharif Grain,-0.1,-8.0,614.0,6.14
2001,2,Wheat,Rabi Grain,-0.1,-8.0,648.0,6.48
2001,2,Maize,Coarse Grain,-0.1,-8.0,515.0,5.15
2001,2,Barley,Rabi Grain,-0.1,-8.0,538.0,5.38
2001,2,Tur_Arhar,Pulse,-0.1,-8.0,1590.0,15.9
2001,2,Chana_Gram,Pulse,-0.1,-8.0,1260.0,12.6
2001,2,Moong,Pulse,-0.1,-8.0,1650.0,16.5
2001,2,Urad,Pulse,-0.1,-8.0,1530.0,15.3
2001,2,Soybean,Oilseed,-0.1,-8.0,1065.0,10.65
2001,2,Mustard,Oilseed,-0.1,-8.0,1370.0,13.7
2001,2,Groundnut,Oilseed,-0.1,-8.0,1490.0,14.9
2001,2,Sugarcane,Commercial,-0.1,-8.0,97.0,0.97
2001,3,Rice,Kharif Grain,-0.1,-8.0,614.0,6.14
2001,3,Wheat,Rabi Grain,-0.1,-8.0,648.0,6.48
2001,3,Maize,Coarse Grain,-0.1,-8.0,515.0,5.15
2001,3,Barley,Rabi Grain,-0.1,-8.0,538.0,5.38
2001,3,Tur_Arhar,Pulse,-0.1,-8.0,1590.0,15.9
2001,3,Chana_Gram,Pulse,-0.1,-8.0,1260.0,12.6
2001,3,Moong,Pulse,-0.1,-8.0,1650.0,16.5
2001,3,Urad,Pulse,-0.1,-8.0,1530.0,15.3
2001,3,Soybean,Oilseed,-0.1,-8.0,1065.0,10.65
2001,3,Mustard,Oilseed,-0.1,-8.0,1370.0,13.7
2001,3,Groundnut,Oilseed,-0.1,-8.0,1490.0,14.9
2001,3,Sugarcane,Commercial,-0.1,-8.0,97.0,0.97
2001,4,Rice,Kharif Grain,-0.1,-8.0,614.0,6.14
2001,4,Wheat,Rabi Grain,-0.1,-8.0,648.0,6.48
2001,4,Maize,Coarse Grain,-0.1,-8.0,515.0,5.15
2001,4,Barley,Rabi Grain,-0.1,-8.0,538.0,5.38
2001,4,Tur_Arhar,Pulse,-0.1,-8.0,1590.0,15.9
2001,4,Chana_Gram,Pulse,-0.1,-8.0,1260.0,12.6
2001,4,Moong,Pulse,-0.1,-8.0,1650.0,16.5
2001,4,Urad,Pulse,-0.1,-8.0,1530.0,15.3
2001,4,Soybean,Oilseed,-0.1,-8.0,1065.0,10.65
2001,4,Mustard,Oilseed,-0.1,-8.0,1370.0,13.7
2001,4,Groundnut,Oilseed,-0.1,-8.0,1490.0,14.9
2001,4,Sugarcane,Commercial,-0.1,-8.0,97.0,0.97
2001,5,Rice,Kharif Grain,-0.1,-8.0,614.0,6.14
2001,5,Wheat,Rabi Grain,-0.1,-8.0,648.0,6.48
2001,5,Maize,Coarse Grain,-0.1,-8.0,515.0,5.15
2001,5,Barley,Rabi Grain,-0.1,-8.0,538.0,5.38
2001,5,Tur_Arhar,Pulse,-0.1,-8.0,1590.0,15.9
2001,5,Chana_Gram,Pulse,-0.1,-8.0,1260.0,12.6
2001,5,Moong,Pulse,-0.1,-8.0,1650.0,16.5
2001,5,Urad,Pulse,-0.1,-8.0,1530.0,15.3
2001,5,Soybean,Oilseed,-0.1,-8.0,1065.0,10.65
2001,5,Mustard,Oilseed,-0.1,-8.0,1370.0,13.7
2001,5,Groundnut,Oilseed,-0.1,-8.0,1490.0,14.9
2001,5,Sugarcane,Commercial,-0.1,-8.0,97.0,0.97
2001,6,Rice,Kharif Grain,-0.1,-8.0,614.0,6.14
2001,6,Wheat,Rabi Grain,-0.1,-8.0,648.0,6.48
2001,6,Maize,Coarse Grain,-0.1,-8.0,515.0,5.15
2001,6,Barley,Rabi Grain,-0.1,-8.0,538.0,5.38
2001,6,Tur_Arhar,Pulse,-0.1,-8.0,1590.0,15.9
2001,6,Chana_Gram,Pulse,-0.1,-8.0,1260.0,12.6
2001,6,Moong,Pulse,-0.1,-8.0,1650.0,16.5
2001,6,Urad,Pulse,-0.1,-8.0,1530.0,15.3
2001,6,Soybean,Oilseed,-0.1,-8.0,1065.0,10.65
2001,6,Mustard,Oilseed,-0.1,-8.0,1370.0,13.7
2001,6,Groundnut,Oilseed,-0.1,-8.0,1490.0,14.9
2001,6,Sugarcane,Commercial,-0.1,-8.0,97.0,0.97
2001,7,Rice,Kharif Grain,-0.1,-8.0,614.0,6.14
2001,7,Wheat,Rabi Grain,-0.1,-8.0,648.0,6.48
2001,7,Maize,Coarse Grain,-0.1,-8.0,515.0,5.15
2001,7,Barley,Rabi Grain,-0.1,-8.0,538.0,5.38
2001,7,Tur_Arhar,Pulse,-0.1,-8.0,1590.0,15.9
2001,7,Chana_Gram,Pulse,-0.1,-8.0,1260.0,12.6
2001,7,Moong,Pulse,-0.1,-8.0,1650.0,16.5
2001,7,Urad,Pulse,-0.1,-8.0,1530.0,15.3
2001,7,Soybean,Oilseed,-0.1,-8.0,1065.0,10.65
2001,7,Mustard,Oilseed,-0.1,-8.0,1370.0,13.7
2001,7,Groundnut,Oilseed,-0.1,-8.0,1490.0,14.9
2001,7,Sugarcane,Commercial,-0.1,-8.0,97.0,0.97
2001,8,Rice,Kharif Grain,-0.1,-8.0,614.0,6.14
2001,8,Wheat,Rabi Grain,-0.1,-8.0,648.0,6.48
2001,8,Maize,Coarse Grain,-0.1,-8.0,515.0,5.15
2001,8,Barley,Rabi Grain,-0.1,-8.0,538.0,5.38
2001,8,Tur_Arhar,Pulse,-0.1,-8.0,1590.0,15.9
2001,8,Chana_Gram,Pulse,-0.1,-8.0,1260.0,12.6
2001,8,Moong,Pulse,-0.1,-8.0,1650.0,16.5
2001,8,Urad,Pulse,-0.1,-8.0,1530.0,15.3
2001,8,Soybean,Oilseed,-0.1,-8.0,1065.0,10.65
2001,8,Mustard,Oilseed,-0.1,-8.0,1370.0,13.7
2001,8,Groundnut,Oilseed,-0.1,-8.0,1490.0,14.9
2001,8,Sugarcane,Commercial,-0.1,-8.0,97.0,0.97
2001,9,Rice,Kharif Grain,-0.1,-8.0,614.0,6.14
2001,9,Wheat,Rabi Grain,-0.1,-8.0,648.0,6.48
2001,9,Maize,Coarse Grain,-0.1,-8.0,515.0,5.15
2001,9,Barley,Rabi Grain,-0.1,-8.0,538.0,5.38
2001,9,Tur_Arhar,Pulse,-0.1,-8.0,1590.0,15.9
2001,9,Chana_Gram,Pulse,-0.1,-8.0,1260.0,12.6
2001,9,Moong,Pulse,-0.1,-8.0,1650.0,16.5
2001,9,Urad,Pulse,-0.1,-8.0,1530.0,15.3
2001,9,Soybean,Oilseed,-0.1,-8.0,1065.0,10.65
2001,9,Mustard,Oilseed,-0.1,-8.0,1370.0,13.7
2001,9,Groundnut,Oilseed,-0.1,-8.0,1490.0,14.9
2001,9,Sugarcane,Commercial,-0.1,-8.0,97.0,0.97
2001,10,Rice,Kharif Grain,-0.1,-8.0,614.0,6.14
2001,10,Wheat,Rabi Grain,-0.1,-8.0,648.0,6.48
2001,10,Maize,Coarse Grain,-0.1,-8.0,515.0,5.15
2001,10,Barley,Rabi Grain,-0.1,-8.0,538.0,5.38
2001,10,Tur_Arhar,Pulse,-0.1,-8.0,1590.0,15.9
2001,10,Chana_Gram,Pulse,-0.1,-8.0,1260.0,12.6
2001,10,Moong,Pulse,-0.1,-8.0,1650.0,16.5
2001,10,Urad,Pulse,-0.1,-8.0,1530.0,15.3
2001,10,Soybean,Oilseed,-0.1,-8.0,1065.0,10.65
2001,10,Mustard,Oilseed,-0.1,-8.0,1370.0,13.7
2001,10,Groundnut,Oilseed,-0.1,-8.0,1490.0,14.9
2001,10,Sugarcane,Commercial,-0.1,-8.0,97.0,0.97
2001,11,Rice,Kharif Grain,-0.1,-8.0,614.0,6.14
2001,11,Wheat,Rabi Grain,-0.1,-8.0,648.0,6.48
2001,11,Maize,Coarse Grain,-0.1,-8.0,515.0,5.15
2001,11,Barley,Rabi Grain,-0.1,-8.0,538.0,5.38
2001,11,Tur_Arhar,Pulse,-0.1,-8.0,1590.0,15.9
2001,11,Chana_Gram,Pulse,-0.1,-8.0,1260.0,12.6
2001,11,Moong,Pulse,-0.1,-8.0,1650.0,16.5
2001,11,Urad,Pulse,-0.1,-8.0,1530.0,15.3
2001,11,Soybean,Oilseed,-0.1,-8.0,1065.0,10.65
2001,11,Mustard,Oilseed,-0.1,-8.0,1370.0,13.7
2001,11,Groundnut,Oilseed,-0.1,-8.0,1490.0,14.9
2001,11,Sugarcane,Commercial,-0.1,-8.0,97.0,0.97
2001,12,Rice,Kharif Grain,-0.1,-8.0,614.0,6.14
2001,12,Wheat,Rabi Grain,-0.1,-8.0,648.0,6.48
2001,12,Maize,Coarse Grain,-0.1,-8.0,515.0,5.15
2001,12,Barley,Rabi Grain,-0.1,-8.0,538.0,5.38
2001,12,Tur_Arhar,Pulse,-0.1,-8.0,1590.0,15.9
2001,12,Chana_Gram,Pulse,-0.1,-8.0,1260.0,12.6
2001,12,Moong,Pulse,-0.1,-8.0,1650.0,16.5
2001,12,Urad,Pulse,-0.1,-8.0,1530.0,15.3
2001,12,Soybean,Oilseed,-0.1,-8.0,1065.0,10.65
2001,12,Mustard,Oilseed,-0.1,-8.0,1370.0,13.7
2001,12,Groundnut,Oilseed,-0.1,-8.0,1490.0,14.9
2001,12,Sugarcane,Commercial,-0.1,-8.0,97.0,0.97
2002,1,Rice,Kharif Grain,1.1,-19.2,820.1,8.2
2002,1,Wheat,Rabi Grain,1.1,-19.2,805.4,8.05
2002,1,Maize,Coarse Grain,1.1,-19.2,708.1,7.08
2002,1,Barley,Rabi Grain,1.1,-19.2,676.1,6.76
2002,1,Tur_Arhar,Pulse,1.1,-19.2,2444.9,24.45
2002,1,Chana_Gram,Pulse,1.1,-19.2,1651.7,16.52
2002,1,Moong,Pulse,1.1,-19.2,2483.7,24.84
2002,1,Urad,Pulse,1.1,-19.2,2317.6,23.18
2002,1,Soybean,Oilseed,1.1,-19.2,1678.7,16.79
2002,1,Mustard,Oilseed,1.1,-19.2,1761.8,17.62
2002,1,Groundnut,Oilseed,1.1,-19.2,2147.7,21.48
2002,1,Sugarcane,Commercial,1.1,-19.2,127.8,1.28
2002,2,Rice,Kharif Grain,1.1,-19.2,820.1,8.2
2002,2,Wheat,Rabi Grain,1.1,-19.2,805.4,8.05
2002,2,Maize,Coarse Grain,1.1,-19.2,708.1,7.08
2002,2,Barley,Rabi Grain,1.1,-19.2,676.1,6.76
2002,2,Tur_Arhar,Pulse,1.1,-19.2,2444.9,24.45
2002,2,Chana_Gram,Pulse,1.1,-19.2,1651.7,16.52
2002,2,Moong,Pulse,1.1,-19.2,2483.7,24.84
2002,2,Urad,Pulse,1.1,-19.2,2317.6,23.18
2002,2,Soybean,Oilseed,1.1,-19.2,1678.7,16.79
2002,2,Mustard,Oilseed,1.1,-19.2,1761.8,17.62
2002,2,Groundnut,Oilseed,1.1,-19.2,2147.7,21.48
2002,2,Sugarcane,Commercial,1.1,-19.2,127.8,1.28
2002,3,Rice,Kharif Grain,1.1,-19.2,820.1,8.2
2002,3,Wheat,Rabi Grain,1.1,-19.2,805.4,8.05
2002,3,Maize,Coarse Grain,1.1,-19.2,708.1,7.08
2002,3,Barley,Rabi Grain,1.1,-19.2,676.1,6.76
2002,3,Tur_Arhar,Pulse,1.1,-19.2,2444.9,24.45
2002,3,Chana_Gram,Pulse,1.1,-19.2,1651.7,16.52
2002,3,Moong,Pulse,1.1,-19.2,2483.7,24.84
2002,3,Urad,Pulse,1.1,-19.2,2317.6,23.18
2002,3,Soybean,Oilseed,1.1,-19.2,1678.7,16.79
2002,3,Mustard,Oilseed,1.1,-19.2,1761.8,17.62
2002,3,Groundnut,Oilseed,1.1,-19.2,2147.7,21.48
2002,3,Sugarcane,Commercial,1.1,-19.2,127.8,1.28
2002,4,Rice,Kharif Grain,1.1,-19.2,820.1,8.2
2002,4,Wheat,Rabi Grain,1.1,-19.2,805.4,8.05
2002,4,Maize,Coarse Grain,1.1,-19.2,708.1,7.08
2002,4,Barley,Rabi Grain,1.1,-19.2,676.1,6.76
2002,4,Tur_Arhar,Pulse,1.1,-19.2,2444.9,24.45
2002,4,Chana_Gram,Pulse,1.1,-19.2,1651.7,16.52
2002,4,Moong,Pulse,1.1,-19.2,2483.7,24.84
2002,4,Urad,Pulse,1.1,-19.2,2317.6,23.18
2002,4,Soybean,Oilseed,1.1,-19.2,1678.7,16.79
2002,4,Mustard,Oilseed,1.1,-19.2,1761.8,17.62
2002,4,Groundnut,Oilseed,1.1,-19.2,2147.7,21.48
2002,4,Sugarcane,Commercial,1.1,-19.2,127.8,1.28
2002,5,Rice,Kharif Grain,1.1,-19.2,820.1,8.2
2002,5,Wheat,Rabi Grain,1.1,-19.2,805.4,8.05
2002,5,Maize,Coarse Grain,1.1,-19.2,708.1,7.08
2002,5,Barley,Rabi Grain,1.1,-19.2,676.1,6.76
2002,5,Tur_Arhar,Pulse,1.1,-19.2,2444.9,24.45
2002,5,Chana_Gram,Pulse,1.1,-19.2,1651.7,16.52
2002,5,Moong,Pulse,1.1,-19.2,2483.7,24.84
2002,5,Urad,Pulse,1.1,-19.2,2317.6,23.18
2002,5,Soybean,Oilseed,1.1,-19.2,1678.7,16.79
2002,5,Mustard,Oilseed,1.1,-19.2,1761.8,17.62
2002,5,Groundnut,Oilseed,1.1,-19.2,2147.7,21.48
2002,5,Sugarcane,Commercial,1.1,-19.2,127.8,1.28
2002,6,Rice,Kharif Grain,1.1,-19.2,820.1,8.2
2002,6,Wheat,Rabi Grain,1.1,-19.2,805.4,8.05
2002,6,Maize,Coarse Grain,1.1,-19.2,708.1,7.08
2002,6,Barley,Rabi Grain,1.1,-19.2,676.1,6.76
2002,6,Tur_Arhar,Pulse,1.1,-19.2,2444.9,24.45
2002,6,Chana_Gram,Pulse,1.1,-19.2,1651.7,16.52
2002,6,Moong,Pulse,1.1,-19.2,2483.7,24.84
2002,6,Urad,Pulse,1.1,-19.2,2317.6,23.18
2002,6,Soybean,Oilseed,1.1,-19.2,1678.7,16.79
2002,6,Mustard,Oilseed,1.1,-19.2,1761.8,17.62
2002,6,Groundnut,Oilseed,1.1,-19.2,2147.7,21.48
2002,6,Sugarcane,Commercial,1.1,-19.2,127.8,1.28
2002,7,Rice,Kharif Grain,1.1,-19.2,820.1,8.2
2002,7,Wheat,Rabi Grain,1.1,-19.2,805.4,8.05
2002,7,Maize,Coarse Grain,1.1,-19.2,708.1,7.08
2002,7,Barley,Rabi Grain,1.1,-19.2,676.1,6.76
2002,7,Tur_Arhar,Pulse,1.1,-19.2,2444.9,24.45
2002,7,Chana_Gram,Pulse,1.1,-19.2,1651.7,16.52
2002,7,Moong,Pulse,1.1,-19.2,2483.7,24.84
2002,7,Urad,Pulse,1.1,-19.2,2317.6,23.18
2002,7,Soybean,Oilseed,1.1,-19.2,1678.7,16.79
2002,7,Mustard,Oilseed,1.1,-19.2,1761.8,17.62
2002,7,Groundnut,Oilseed,1.1,-19.2,2147.7,21.48
2002,7,Sugarcane,Commercial,1.1,-19.2,127.8,1.28
2002,8,Rice,Kharif Grain,1.1,-19.2,820.1,8.2
2002,8,Wheat,Rabi Grain,1.1,-19.2,805.4,8.05
2002,8,Maize,Coarse Grain,1.1,-19.2,708.1,7.08
2002,8,Barley,Rabi Grain,1.1,-19.2,676.1,6.76
2002,8,Tur_Arhar,Pulse,1.1,-19.2,2444.9,24.45
2002,8,Chana_Gram,Pulse,1.1,-19.2,1651.7,16.52
2002,8,Moong,Pulse,1.1,-19.2,2483.7,24.84
2002,8,Urad,Pulse,1.1,-19.2,2317.6,23.18
2002,8,Soybean,Oilseed,1.1,-19.2,1678.7,16.79
2002,8,Mustard,Oilseed,1.1,-19.2,1761.8,17.62
2002,8,Groundnut,Oilseed,1.1,-19.2,2147.7,21.48
2002,8,Sugarcane,Commercial,1.1,-19.2,127.8,1.28
2002,9,Rice,Kharif Grain,1.1,-19.2,820.1,8.2
2002,9,Wheat,Rabi Grain,1.1,-19.2,805.4,8.05
2002,9,Maize,Coarse Grain,1.1,-19.2,708.1,7.08
2002,9,Barley,Rabi Grain,1.1,-19.2,676.1,6.76
2002,9,Tur_Arhar,Pulse,1.1,-19.2,2444.9,24.45
2002,9,Chana_Gram,Pulse,1.1,-19.2,1651.7,16.52
2002,9,Moong,Pulse,1.1,-19.2,2483.7,24.84
2002,9,Urad,Pulse,1.1,-19.2,2317.6,23.18
2002,9,Soybean,Oilseed,1.1,-19.2,1678.7,16.79
2002,9,Mustard,Oilseed,1.1,-19.2,1761.8,17.62
2002,9,Groundnut,Oilseed,1.1,-19.2,2147.7,21.48
2002,9,Sugarcane,Commercial,1.1,-19.2,127.8,1.28
2002,10,Rice,Kharif Grain,1.1,-19.2,820.1,8.2
2002,10,Wheat,Rabi Grain,1.1,-19.2,805.4,8.05
2002,10,Maize,Coarse Grain,1.1,-19.2,708.1,7.08
2002,10,Barley,Rabi Grain,1.1,-19.2,676.1,6.76
2002,10,Tur_Arhar,Pulse,1.1,-19.2,2444.9,24.45
2002,10,Chana_Gram,Pulse,1.1,-19.2,1651.7,16.52
2002,10,Moong,Pulse,1.1,-19.2,2483.7,24.84
2002,10,Urad,Pulse,1.1,-19.2,2317.6,23.18
2002,10,Soybean,Oilseed,1.1,-19.2,1678.7,16.79
2002,10,Mustard,Oilseed,1.1,-19.2,1761.8,17.62
2002,10,Groundnut,Oilseed,1.1,-19.2,2147.7,21.48
2002,10,Sugarcane,Commercial,1.1,-19.2,127.8,1.28
2002,11,Rice,Kharif Grain,1.1,-19.2,820.1,8.2
2002,11,Wheat,Rabi Grain,1.1,-19.2,805.4,8.05
2002,11,Maize,Coarse Grain,1.1,-19.2,708.1,7.08
2002,11,Barley,Rabi Grain,1.1,-19.2,676.1,6.76
2002,11,Tur_Arhar,Pulse,1.1,-19.2,2444.9,24.45
2002,11,Chana_Gram,Pulse,1.1,-19.2,1651.7,16.52
2002,11,Moong,Pulse,1.1,-19.2,2483.7,24.84
2002,11,Urad,Pulse,1.1,-19.2,2317.6,23.18
2002,11,Soybean,Oilseed,1.1,-19.2,1678.7,16.79
2002,11,Mustard,Oilseed,1.1,-19.2,1761.8,17.62
2002,11,Groundnut,Oilseed,1.1,-19.2,2147.7,21.48
2002,11,Sugarcane,Commercial,1.1,-19.2,127.8,1.28
2002,12,Rice,Kharif Grain,1.1,-19.2,820.1,8.2
2002,12,Wheat,Rabi Grain,1.1,-19.2,805.4,8.05
2002,12,Maize,Coarse Grain,1.1,-19.2,708.1,7.08
2002,12,Barley,Rabi Grain,1.1,-19.2,676.1,6.76
2002,12,Tur_Arhar,Pulse,1.1,-19.2,2444.9,24.45
2002,12,Chana_Gram,Pulse,1.1,-19.2,1651.7,16.52
2002,12,Moong,Pulse,1.1,-19.2,2483.7,24.84
2002,12,Urad,Pulse,1.1,-19.2,2317.6,23.18
2002,12,Soybean,Oilseed,1.1,-19.2,1678.7,16.79
2002,12,Mustard,Oilseed,1.1,-19.2,1761.8,17.62
2002,12,Groundnut,Oilseed,1.1,-19.2,2147.7,21.48
2002,12,Sugarcane,Commercial,1.1,-19.2,127.8,1.28
2003,1,Rice,Kharif Grain,0.3,2.0,762.0,7.62
2003,1,Wheat,Rabi Grain,0.3,2.0,784.0,7.84
2003,1,Maize,Coarse Grain,0.3,2.0,645.0,6.45
2003,1,Barley,Rabi Grain,0.3,2.0,654.0,6.54
2003,1,Tur_Arhar,Pulse,0.3,2.0,2070.0,20.7
2003,1,Chana_Gram,Pulse,0.3,2.0,1580.0,15.8
2003,1,Moong,Pulse,0.3,2.0,2150.0,21.5
2003,1,Urad,Pulse,0.3,2.0,1990.0,19.9
2003,1,Soybean,Oilseed,0.3,2.0,1395.0,13.95
2003,1,Mustard,Oilseed,0.3,2.0,1710.0,17.1
2003,1,Groundnut,Oilseed,0.3,2.0,1870.0,18.7
2003,1,Sugarcane,Commercial,0.3,2.0,121.0,1.21
2003,2,Rice,Kharif Grain,0.3,2.0,762.0,7.62
2003,2,Wheat,Rabi Grain,0.3,2.0,784.0,7.84
2003,2,Maize,Coarse Grain,0.3,2.0,645.0,6.45
2003,2,Barley,Rabi Grain,0.3,2.0,654.0,6.54
2003,2,Tur_Arhar,Pulse,0.3,2.0,2070.0,20.7
2003,2,Chana_Gram,Pulse,0.3,2.0,1580.0,15.8
2003,2,Moong,Pulse,0.3,2.0,2150.0,21.5
2003,2,Urad,Pulse,0.3,2.0,1990.0,19.9
2003,2,Soybean,Oilseed,0.3,2.0,1395.0,13.95
2003,2,Mustard,Oilseed,0.3,2.0,1710.0,17.1
2003,2,Groundnut,Oilseed,0.3,2.0,1870.0,18.7
2003,2,Sugarcane,Commercial,0.3,2.0,121.0,1.21
2003,3,Rice,Kharif Grain,0.3,2.0,762.0,7.62
2003,3,Wheat,Rabi Grain,0.3,2.0,784.0,7.84
2003,3,Maize,Coarse Grain,0.3,2.0,645.0,6.45
2003,3,Barley,Rabi Grain,0.3,2.0,654.0,6.54
2003,3,Tur_Arhar,Pulse,0.3,2.0,2070.0,20.7
2003,3,Chana_Gram,Pulse,0.3,2.0,1580.0,15.8
2003,3,Moong,Pulse,0.3,2.0,2150.0,21.5
2003,3,Urad,Pulse,0.3,2.0,1990.0,19.9
2003,3,Soybean,Oilseed,0.3,2.0,1395.0,13.95
2003,3,Mustard,Oilseed,0.3,2.0,1710.0,17.1
2003,3,Groundnut,Oilseed,0.3,2.0,1870.0,18.7
2003,3,Sugarcane,Commercial,0.3,2.0,121.0,1.21
2003,4,Rice,Kharif Grain,0.3,2.0,762.0,7.62
2003,4,Wheat,Rabi Grain,0.3,2.0,784.0,7.84
2003,4,Maize,Coarse Grain,0.3,2.0,645.0,6.45
2003,4,Barley,Rabi Grain,0.3,2.0,654.0,6.54
2003,4,Tur_Arhar,Pulse,0.3,2.0,2070.0,20.7
2003,4,Chana_Gram,Pulse,0.3,2.0,1580.0,15.8
2003,4,Moong,Pulse,0.3,2.0,2150.0,21.5
2003,4,Urad,Pulse,0.3,2.0,1990.0,19.9
2003,4,Soybean,Oilseed,0.3,2.0,1395.0,13.95
2003,4,Mustard,Oilseed,0.3,2.0,1710.0,17.1
2003,4,Groundnut,Oilseed,0.3,2.0,1870.0,18.7
2003,4,Sugarcane,Commercial,0.3,2.0,121.0,1.21
2003,5,Rice,Kharif Grain,0.3,2.0,762.0,7.62
2003,5,Wheat,Rabi Grain,0.3,2.0,784.0,7.84
2003,5,Maize,Coarse Grain,0.3,2.0,645.0,6.45
2003,5,Barley,Rabi Grain,0.3,2.0,654.0,6.54
2003,5,Tur_Arhar,Pulse,0.3,2.0,2070.0,20.7
2003,5,Chana_Gram,Pulse,0.3,2.0,1580.0,15.8
2003,5,Moong,Pulse,0.3,2.0,2150.0,21.5
2003,5,Urad,Pulse,0.3,2.0,1990.0,19.9
2003,5,Soybean,Oilseed,0.3,2.0,1395.0,13.95
2003,5,Mustard,Oilseed,0.3,2.0,1710.0,17.1
2003,5,Groundnut,Oilseed,0.3,2.0,1870.0,18.7
2003,5,Sugarcane,Commercial,0.3,2.0,121.0,1.21
2003,6,Rice,Kharif Grain,0.3,2.0,762.0,7.62
2003,6,Wheat,Rabi Grain,0.3,2.0,784.0,7.84
2003,6,Maize,Coarse Grain,0.3,2.0,645.0,6.45
2003,6,Barley,Rabi Grain,0.3,2.0,654.0,6.54
2003,6,Tur_Arhar,Pulse,0.3,2.0,2070.0,20.7
2003,6,Chana_Gram,Pulse,0.3,2.0,1580.0,15.8
2003,6,Moong,Pulse,0.3,2.0,2150.0,21.5
2003,6,Urad,Pulse,0.3,2.0,1990.0,19.9
2003,6,Soybean,Oilseed,0.3,2.0,1395.0,13.95
2003,6,Mustard,Oilseed,0.3,2.0,1710.0,17.1
2003,6,Groundnut,Oilseed,0.3,2.0,1870.0,18.7
2003,6,Sugarcane,Commercial,0.3,2.0,121.0,1.21
2003,7,Rice,Kharif Grain,0.3,2.0,762.0,7.62
2003,7,Wheat,Rabi Grain,0.3,2.0,784.0,7.84
2003,7,Maize,Coarse Grain,0.3,2.0,645.0,6.45
2003,7,Barley,Rabi Grain,0.3,2.0,654.0,6.54
2003,7,Tur_Arhar,Pulse,0.3,2.0,2070.0,20.7
2003,7,Chana_Gram,Pulse,0.3,2.0,1580.0,15.8
2003,7,Moong,Pulse,0.3,2.0,2150.0,21.5
2003,7,Urad,Pulse,0.3,2.0,1990.0,19.9
2003,7,Soybean,Oilseed,0.3,2.0,1395.0,13.95
2003,7,Mustard,Oilseed,0.3,2.0,1710.0,17.1
2003,7,Groundnut,Oilseed,0.3,2.0,1870.0,18.7
2003,7,Sugarcane,Commercial,0.3,2.0,121.0,1.21
2003,8,Rice,Kharif Grain,0.3,2.0,762.0,7.62
2003,8,Wheat,Rabi Grain,0.3,2.0,784.0,7.84
2003,8,Maize,Coarse Grain,0.3,2.0,645.0,6.45
2003,8,Barley,Rabi Grain,0.3,2.0,654.0,6.54
2003,8,Tur_Arhar,Pulse,0.3,2.0,2070.0,20.7
2003,8,Chana_Gram,Pulse,0.3,2.0,1580.0,15.8
2003,8,Moong,Pulse,0.3,2.0,2150.0,21.5
2003,8,Urad,Pulse,0.3,2.0,1990.0,19.9
2003,8,Soybean,Oilseed,0.3,2.0,1395.0,13.95
2003,8,Mustard,Oilseed,0.3,2.0,1710.0,17.1
2003,8,Groundnut,Oilseed,0.3,2.0,1870.0,18.7
2003,8,Sugarcane,Commercial,0.3,2.0,121.0,1.21
2003,9,Rice,Kharif Grain,0.3,2.0,762.0,7.62
2003,9,Wheat,Rabi Grain,0.3,2.0,784.0,7.84
2003,9,Maize,Coarse Grain,0.3,2.0,645.0,6.45
2003,9,Barley,Rabi Grain,0.3,2.0,654.0,6.54
2003,9,Tur_Arhar,Pulse,0.3,2.0,2070.0,20.7
2003,9,Chana_Gram,Pulse,0.3,2.0,1580.0,15.8
2003,9,Moong,Pulse,0.3,2.0,2150.0,21.5
2003,9,Urad,Pulse,0.3,2.0,1990.0,19.9
2003,9,Soybean,Oilseed,0.3,2.0,1395.0,13.95
2003,9,Mustard,Oilseed,0.3,2.0,1710.0,17.1
2003,9,Groundnut,Oilseed,0.3,2.0,1870.0,18.7
2003,9,Sugarcane,Commercial,0.3,2.0,121.0,1.21
2003,10,Rice,Kharif Grain,0.3,2.0,762.0,7.62
2003,10,Wheat,Rabi Grain,0.3,2.0,784.0,7.84
2003,10,Maize,Coarse Grain,0.3,2.0,645.0,6.45
2003,10,Barley,Rabi Grain,0.3,2.0,654.0,6.54
2003,10,Tur_Arhar,Pulse,0.3,2.0,2070.0,20.7
2003,10,Chana_Gram,Pulse,0.3,2.0,1580.0,15.8
2003,10,Moong,Pulse,0.3,2.0,2150.0,21.5
2003,10,Urad,Pulse,0.3,2.0,1990.0,19.9
2003,10,Soybean,Oilseed,0.3,2.0,1395.0,13.95
2003,10,Mustard,Oilseed,0.3,2.0,1710.0,17.1
2003,10,Groundnut,Oilseed,0.3,2.0,1870.0,18.7
2003,10,Sugarcane,Commercial,0.3,2.0,121.0,1.21
2003,11,Rice,Kharif Grain,0.3,2.0,762.0,7.62
2003,11,Wheat,Rabi Grain,0.3,2.0,784.0,7.84
2003,11,Maize,Coarse Grain,0.3,2.0,645.0,6.45
2003,11,Barley,Rabi Grain,0.3,2.0,654.0,6.54
2003,11,Tur_Arhar,Pulse,0.3,2.0,2070.0,20.7
2003,11,Chana_Gram,Pulse,0.3,2.0,1580.0,15.8
2003,11,Moong,Pulse,0.3,2.0,2150.0,21.5
2003,11,Urad,Pulse,0.3,2.0,1990.0,19.9
2003,11,Soybean,Oilseed,0.3,2.0,1395.0,13.95
2003,11,Mustard,Oilseed,0.3,2.0,1710.0,17.1
2003,11,Groundnut,Oilseed,0.3,2.0,1870.0,18.7
2003,11,Sugarcane,Commercial,0.3,2.0,121.0,1.21
2003,12,Rice,Kharif Grain,0.3,2.0,762.0,7.62
2003,12,Wheat,Rabi Grain,0.3,2.0,784.0,7.84
2003,12,Maize,Coarse Grain,0.3,2.0,645.0,6.45
2003,12,Barley,Rabi Grain,0.3,2.0,654.0,6.54
2003,12,Tur_Arhar,Pulse,0.3,2.0,2070.0,20.7
2003,12,Chana_Gram,Pulse,0.3,2.0,1580.0,15.8
2003,12,Moong,Pulse,0.3,2.0,2150.0,21.5
2003,12,Urad,Pulse,0.3,2.0,1990.0,19.9
2003,12,Soybean,Oilseed,0.3,2.0,1395.0,13.95
2003,12,Mustard,Oilseed,0.3,2.0,1710.0,17.1
2003,12,Groundnut,Oilseed,0.3,2.0,1870.0,18.7
2003,12,Sugarcane,Commercial,0.3,2.0,121.0,1.21
2004,1,Rice,Kharif Grain,0.7,-13.8,951.4,9.51
2004,1,Wheat,Rabi Grain,0.7,-13.8,928.4,9.28
2004,1,Maize,Coarse Grain,0.7,-13.8,822.7,8.23
2004,1,Barley,Rabi Grain,0.7,-13.8,780.8,7.81
2004,1,Tur_Arhar,Pulse,0.7,-13.8,2867.9,28.68
2004,1,Chana_Gram,Pulse,0.7,-13.8,1944.1,19.44
2004,1,Moong,Pulse,0.7,-13.8,2929.9,29.3
2004,1,Urad,Pulse,0.7,-13.8,2725.5,27.25
2004,1,Soybean,Oilseed,0.7,-13.8,1969.0,19.69
2004,1,Mustard,Oilseed,0.7,-13.8,2074.6,20.75
2004,1,Groundnut,Oilseed,0.7,-13.8,2472.2,24.72
2004,1,Sugarcane,Commercial,0.7,-13.8,149.5,1.5
2004,2,Rice,Kharif Grain,0.7,-13.8,951.4,9.51
2004,2,Wheat,Rabi Grain,0.7,-13.8,928.4,9.28
2004,2,Maize,Coarse Grain,0.7,-13.8,822.7,8.23
2004,2,Barley,Rabi Grain,0.7,-13.8,780.8,7.81
2004,2,Tur_Arhar,Pulse,0.7,-13.8,2867.9,28.68
2004,2,Chana_Gram,Pulse,0.7,-13.8,1944.1,19.44
2004,2,Moong,Pulse,0.7,-13.8,2929.9,29.3
2004,2,Urad,Pulse,0.7,-13.8,2725.5,27.25
2004,2,Soybean,Oilseed,0.7,-13.8,1969.0,19.69
2004,2,Mustard,Oilseed,0.7,-13.8,2074.6,20.75
2004,2,Groundnut,Oilseed,0.7,-13.8,2472.2,24.72
2004,2,Sugarcane,Commercial,0.7,-13.8,149.5,1.5
2004,3,Rice,Kharif Grain,0.7,-13.8,951.4,9.51
2004,3,Wheat,Rabi Grain,0.7,-13.8,928.4,9.28
2004,3,Maize,Coarse Grain,0.7,-13.8,822.7,8.23
2004,3,Barley,Rabi Grain,0.7,-13.8,780.8,7.81
2004,3,Tur_Arhar,Pulse,0.7,-13.8,2867.9,28.68
2004,3,Chana_Gram,Pulse,0.7,-13.8,1944.1,19.44
2004,3,Moong,Pulse,0.7,-13.8,2929.9,29.3
2004,3,Urad,Pulse,0.7,-13.8,2725.5,27.25
2004,3,Soybean,Oilseed,0.7,-13.8,1969.0,19.69
2004,3,Mustard,Oilseed,0.7,-13.8,2074.6,20.75
2004,3,Groundnut,Oilseed,0.7,-13.8,2472.2,24.72
2004,3,Sugarcane,Commercial,0.7,-13.8,149.5,1.5
2004,4,Rice,Kharif Grain,0.7,-13.8,951.4,9.51
2004,4,Wheat,Rabi Grain,0.7,-13.8,928.4,9.28
2004,4,Maize,Coarse Grain,0.7,-13.8,822.7,8.23
2004,4,Barley,Rabi Grain,0.7,-13.8,780.8,7.81
2004,4,Tur_Arhar,Pulse,0.7,-13.8,2867.9,28.68
2004,4,Chana_Gram,Pulse,0.7,-13.8,1944.1,19.44
2004,4,Moong,Pulse,0.7,-13.8,2929.9,29.3
2004,4,Urad,Pulse,0.7,-13.8,2725.5,27.25
2004,4,Soybean,Oilseed,0.7,-13.8,1969.0,19.69
2004,4,Mustard,Oilseed,0.7,-13.8,2074.6,20.75
2004,4,Groundnut,Oilseed,0.7,-13.8,2472.2,24.72
2004,4,Sugarcane,Commercial,0.7,-13.8,149.5,1.5
2004,5,Rice,Kharif Grain,0.7,-13.8,951.4,9.51
2004,5,Wheat,Rabi Grain,0.7,-13.8,928.4,9.28
2004,5,Maize,Coarse Grain,0.7,-13.8,822.7,8.23
2004,5,Barley,Rabi Grain,0.7,-13.8,780.8,7.81
2004,5,Tur_Arhar,Pulse,0.7,-13.8,2867.9,28.68
2004,5,Chana_Gram,Pulse,0.7,-13.8,1944.1,19.44
2004,5,Moong,Pulse,0.7,-13.8,2929.9,29.3
2004,5,Urad,Pulse,0.7,-13.8,2725.5,27.25
2004,5,Soybean,Oilseed,0.7,-13.8,1969.0,19.69
2004,5,Mustard,Oilseed,0.7,-13.8,2074.6,20.75
2004,5,Groundnut,Oilseed,0.7,-13.8,2472.2,24.72
2004,5,Sugarcane,Commercial,0.7,-13.8,149.5,1.5
2004,6,Rice,Kharif Grain,0.7,-13.8,951.4,9.51
2004,6,Wheat,Rabi Grain,0.7,-13.8,928.4,9.28
2004,6,Maize,Coarse Grain,0.7,-13.8,822.7,8.23
2004,6,Barley,Rabi Grain,0.7,-13.8,780.8,7.81
2004,6,Tur_Arhar,Pulse,0.7,-13.8,2867.9,28.68
2004,6,Chana_Gram,Pulse,0.7,-13.8,1944.1,19.44
2004,6,Moong,Pulse,0.7,-13.8,2929.9,29.3
2004,6,Urad,Pulse,0.7,-13.8,2725.5,27.25
2004,6,Soybean,Oilseed,0.7,-13.8,1969.0,19.69
2004,6,Mustard,Oilseed,0.7,-13.8,2074.6,20.75
2004,6,Groundnut,Oilseed,0.7,-13.8,2472.2,24.72
2004,6,Sugarcane,Commercial,0.7,-13.8,149.5,1.5
2004,7,Rice,Kharif Grain,0.7,-13.8,951.4,9.51
2004,7,Wheat,Rabi Grain,0.7,-13.8,928.4,9.28
2004,7,Maize,Coarse Grain,0.7,-13.8,822.7,8.23
2004,7,Barley,Rabi Grain,0.7,-13.8,780.8,7.81
2004,7,Tur_Arhar,Pulse,0.7,-13.8,2867.9,28.68
2004,7,Chana_Gram,Pulse,0.7,-13.8,1944.1,19.44
2004,7,Moong,Pulse,0.7,-13.8,2929.9,29.3
2004,7,Urad,Pulse,0.7,-13.8,2725.5,27.25
2004,7,Soybean,Oilseed,0.7,-13.8,1969.0,19.69
2004,7,Mustard,Oilseed,0.7,-13.8,2074.6,20.75
2004,7,Groundnut,Oilseed,0.7,-13.8,2472.2,24.72
2004,7,Sugarcane,Commercial,0.7,-13.8,149.5,1.5
2004,8,Rice,Kharif Grain,0.7,-13.8,951.4,9.51
2004,8,Wheat,Rabi Grain,0.7,-13.8,928.4,9.28
2004,8,Maize,Coarse Grain,0.7,-13.8,822.7,8.23
2004,8,Barley,Rabi Grain,0.7,-13.8,780.8,7.81
2004,8,Tur_Arhar,Pulse,0.7,-13.8,2867.9,28.68
2004,8,Chana_Gram,Pulse,0.7,-13.8,1944.1,19.44
2004,8,Moong,Pulse,0.7,-13.8,2929.9,29.3
2004,8,Urad,Pulse,0.7,-13.8,2725.5,27.25
2004,8,Soybean,Oilseed,0.7,-13.8,1969.0,19.69
2004,8,Mustard,Oilseed,0.7,-13.8,2074.6,20.75
2004,8,Groundnut,Oilseed,0.7,-13.8,2472.2,24.72
2004,8,Sugarcane,Commercial,0.7,-13.8,149.5,1.5
2004,9,Rice,Kharif Grain,0.7,-13.8,951.4,9.51
2004,9,Wheat,Rabi Grain,0.7,-13.8,928.4,9.28
2004,9,Maize,Coarse Grain,0.7,-13.8,822.7,8.23
2004,9,Barley,Rabi Grain,0.7,-13.8,780.8,7.81
2004,9,Tur_Arhar,Pulse,0.7,-13.8,2867.9,28.68
2004,9,Chana_Gram,Pulse,0.7,-13.8,1944.1,19.44
2004,9,Moong,Pulse,0.7,-13.8,2929.9,29.3
2004,9,Urad,Pulse,0.7,-13.8,2725.5,27.25
2004,9,Soybean,Oilseed,0.7,-13.8,1969.0,19.69
2004,9,Mustard,Oilseed,0.7,-13.8,2074.6,20.75
2004,9,Groundnut,Oilseed,0.7,-13.8,2472.2,24.72
2004,9,Sugarcane,Commercial,0.7,-13.8,149.5,1.5
2004,10,Rice,Kharif Grain,0.7,-13.8,951.4,9.51
2004,10,Wheat,Rabi Grain,0.7,-13.8,928.4,9.28
2004,10,Maize,Coarse Grain,0.7,-13.8,822.7,8.23
2004,10,Barley,Rabi Grain,0.7,-13.8,780.8,7.81
2004,10,Tur_Arhar,Pulse,0.7,-13.8,2867.9,28.68
2004,10,Chana_Gram,Pulse,0.7,-13.8,1944.1,19.44
2004,10,Moong,Pulse,0.7,-13.8,2929.9,29.3
2004,10,Urad,Pulse,0.7,-13.8,2725.5,27.25
2004,10,Soybean,Oilseed,0.7,-13.8,1969.0,19.69
2004,10,Mustard,Oilseed,0.7,-13.8,2074.6,20.75
2004,10,Groundnut,Oilseed,0.7,-13.8,2472.2,24.72
2004,10,Sugarcane,Commercial,0.7,-13.8,149.5,1.5
2004,11,Rice,Kharif Grain,0.7,-13.8,951.4,9.51
2004,11,Wheat,Rabi Grain,0.7,-13.8,928.4,9.28
2004,11,Maize,Coarse Grain,0.7,-13.8,822.7,8.23
2004,11,Barley,Rabi Grain,0.7,-13.8,780.8,7.81
2004,11,Tur_Arhar,Pulse,0.7,-13.8,2867.9,28.68
2004,11,Chana_Gram,Pulse,0.7,-13.8,1944.1,19.44
2004,11,Moong,Pulse,0.7,-13.8,2929.9,29.3
2004,11,Urad,Pulse,0.7,-13.8,2725.5,27.25
2004,11,Soybean,Oilseed,0.7,-13.8,1969.0,19.69
2004,11,Mustard,Oilseed,0.7,-13.8,2074.6,20.75
2004,11,Groundnut,Oilseed,0.7,-13.8,2472.2,24.72
2004,11,Sugarcane,Commercial,0.7,-13.8,149.5,1.5
2004,12,Rice,Kharif Grain,0.7,-13.8,951.4,9.51
2004,12,Wheat,Rabi Grain,0.7,-13.8,928.4,9.28
2004,12,Maize,Coarse Grain,0.7,-13.8,822.7,8.23
2004,12,Barley,Rabi Grain,0.7,-13.8,780.8,7.81
2004,12,Tur_Arhar,Pulse,0.7,-13.8,2867.9,28.68
2004,12,Chana_Gram,Pulse,0.7,-13.8,1944.1,19.44
2004,12,Moong,Pulse,0.7,-13.8,2929.9,29.3
2004,12,Urad,Pulse,0.7,-13.8,2725.5,27.25
2004,12,Soybean,Oilseed,0.7,-13.8,1969.0,19.69
2004,12,Mustard,Oilseed,0.7,-13.8,2074.6,20.75
2004,12,Groundnut,Oilseed,0.7,-13.8,2472.2,24.72
2004,12,Sugarcane,Commercial,0.7,-13.8,149.5,1.5
2005,1,Rice,Kharif Grain,0.3,-1.0,910.0,9.1
2005,1,Wheat,Rabi Grain,0.3,-1.0,920.0,9.2
2005,1,Maize,Coarse Grain,0.3,-1.0,775.0,7.75
2005,1,Barley,Rabi Grain,0.3,-1.0,770.0,7.7
2005,1,Tur_Arhar,Pulse,0.3,-1.0,2550.0,25.5
2005,1,Chana_Gram,Pulse,0.3,-1.0,1900.0,19.0
2005,1,Moong,Pulse,0.3,-1.0,2650.0,26.5
2005,1,Urad,Pulse,0.3,-1.0,2450.0,24.5
2005,1,Soybean,Oilseed,0.3,-1.0,1725.0,17.25
2005,1,Mustard,Oilseed,0.3,-1.0,2050.0,20.5
2005,1,Groundnut,Oilseed,0.3,-1.0,2250.0,22.5
2005,1,Sugarcane,Commercial,0.3,-1.0,145.0,1.45
2005,2,Rice,Kharif Grain,0.3,-1.0,910.0,9.1
2005,2,Wheat,Rabi Grain,0.3,-1.0,920.0,9.2
2005,2,Maize,Coarse Grain,0.3,-1.0,775.0,7.75
2005,2,Barley,Rabi Grain,0.3,-1.0,770.0,7.7
2005,2,Tur_Arhar,Pulse,0.3,-1.0,2550.0,25.5
2005,2,Chana_Gram,Pulse,0.3,-1.0,1900.0,19.0
2005,2,Moong,Pulse,0.3,-1.0,2650.0,26.5
2005,2,Urad,Pulse,0.3,-1.0,2450.0,24.5
2005,2,Soybean,Oilseed,0.3,-1.0,1725.0,17.25
2005,2,Mustard,Oilseed,0.3,-1.0,2050.0,20.5
2005,2,Groundnut,Oilseed,0.3,-1.0,2250.0,22.5
2005,2,Sugarcane,Commercial,0.3,-1.0,145.0,1.45
2005,3,Rice,Kharif Grain,0.3,-1.0,910.0,9.1
2005,3,Wheat,Rabi Grain,0.3,-1.0,920.0,9.2
2005,3,Maize,Coarse Grain,0.3,-1.0,775.0,7.75
2005,3,Barley,Rabi Grain,0.3,-1.0,770.0,7.7
2005,3,Tur_Arhar,Pulse,0.3,-1.0,2550.0,25.5
2005,3,Chana_Gram,Pulse,0.3,-1.0,1900.0,19.0
2005,3,Moong,Pulse,0.3,-1.0,2650.0,26.5
2005,3,Urad,Pulse,0.3,-1.0,2450.0,24.5
2005,3,Soybean,Oilseed,0.3,-1.0,1725.0,17.25
2005,3,Mustard,Oilseed,0.3,-1.0,2050.0,20.5
2005,3,Groundnut,Oilseed,0.3,-1.0,2250.0,22.5
2005,3,Sugarcane,Commercial,0.3,-1.0,145.0,1.45
2005,4,Rice,Kharif Grain,0.3,-1.0,910.0,9.1
2005,4,Wheat,Rabi Grain,0.3,-1.0,920.0,9.2
2005,4,Maize,Coarse Grain,0.3,-1.0,775.0,7.75
2005,4,Barley,Rabi Grain,0.3,-1.0,770.0,7.7
2005,4,Tur_Arhar,Pulse,0.3,-1.0,2550.0,25.5
2005,4,Chana_Gram,Pulse,0.3,-1.0,1900.0,19.0
2005,4,Moong,Pulse,0.3,-1.0,2650.0,26.5
2005,4,Urad,Pulse,0.3,-1.0,2450.0,24.5
2005,4,Soybean,Oilseed,0.3,-1.0,1725.0,17.25
2005,4,Mustard,Oilseed,0.3,-1.0,2050.0,20.5
2005,4,Groundnut,Oilseed,0.3,-1.0,2250.0,22.5
2005,4,Sugarcane,Commercial,0.3,-1.0,145.0,1.45
2005,5,Rice,Kharif Grain,0.3,-1.0,910.0,9.1
2005,5,Wheat,Rabi Grain,0.3,-1.0,920.0,9.2
2005,5,Maize,Coarse Grain,0.3,-1.0,775.0,7.75
2005,5,Barley,Rabi Grain,0.3,-1.0,770.0,7.7
2005,5,Tur_Arhar,Pulse,0.3,-1.0,2550.0,25.5
2005,5,Chana_Gram,Pulse,0.3,-1.0,1900.0,19.0
2005,5,Moong,Pulse,0.3,-1.0,2650.0,26.5
2005,5,Urad,Pulse,0.3,-1.0,2450.0,24.5
2005,5,Soybean,Oilseed,0.3,-1.0,1725.0,17.25
2005,5,Mustard,Oilseed,0.3,-1.0,2050.0,20.5
2005,5,Groundnut,Oilseed,0.3,-1.0,2250.0,22.5
2005,5,Sugarcane,Commercial,0.3,-1.0,145.0,1.45
2005,6,Rice,Kharif Grain,0.3,-1.0,910.0,9.1
2005,6,Wheat,Rabi Grain,0.3,-1.0,920.0,9.2
2005,6,Maize,Coarse Grain,0.3,-1.0,775.0,7.75
2005,6,Barley,Rabi Grain,0.3,-1.0,770.0,7.7
2005,6,Tur_Arhar,Pulse,0.3,-1.0,2550.0,25.5
2005,6,Chana_Gram,Pulse,0.3,-1.0,1900.0,19.0
2005,6,Moong,Pulse,0.3,-1.0,2650.0,26.5
2005,6,Urad,Pulse,0.3,-1.0,2450.0,24.5
2005,6,Soybean,Oilseed,0.3,-1.0,1725.0,17.25
2005,6,Mustard,Oilseed,0.3,-1.0,2050.0,20.5
2005,6,Groundnut,Oilseed,0.3,-1.0,2250.0,22.5
2005,6,Sugarcane,Commercial,0.3,-1.0,145.0,1.45
2005,7,Rice,Kharif Grain,0.3,-1.0,910.0,9.1
2005,7,Wheat,Rabi Grain,0.3,-1.0,920.0,9.2
2005,7,Maize,Coarse Grain,0.3,-1.0,775.0,7.75
2005,7,Barley,Rabi Grain,0.3,-1.0,770.0,7.7
2005,7,Tur_Arhar,Pulse,0.3,-1.0,2550.0,25.5
2005,7,Chana_Gram,Pulse,0.3,-1.0,1900.0,19.0
2005,7,Moong,Pulse,0.3,-1.0,2650.0,26.5
2005,7,Urad,Pulse,0.3,-1.0,2450.0,24.5
2005,7,Soybean,Oilseed,0.3,-1.0,1725.0,17.25
2005,7,Mustard,Oilseed,0.3,-1.0,2050.0,20.5
2005,7,Groundnut,Oilseed,0.3,-1.0,2250.0,22.5
2005,7,Sugarcane,Commercial,0.3,-1.0,145.0,1.45
2005,8,Rice,Kharif Grain,0.3,-1.0,910.0,9.1
2005,8,Wheat,Rabi Grain,0.3,-1.0,920.0,9.2
2005,8,Maize,Coarse Grain,0.3,-1.0,775.0,7.75
2005,8,Barley,Rabi Grain,0.3,-1.0,770.0,7.7
2005,8,Tur_Arhar,Pulse,0.3,-1.0,2550.0,25.5
2005,8,Chana_Gram,Pulse,0.3,-1.0,1900.0,19.0
2005,8,Moong,Pulse,0.3,-1.0,2650.0,26.5
2005,8,Urad,Pulse,0.3,-1.0,2450.0,24.5
2005,8,Soybean,Oilseed,0.3,-1.0,1725.0,17.25
2005,8,Mustard,Oilseed,0.3,-1.0,2050.0,20.5
2005,8,Groundnut,Oilseed,0.3,-1.0,2250.0,22.5
2005,8,Sugarcane,Commercial,0.3,-1.0,145.0,1.45
2005,9,Rice,Kharif Grain,0.3,-1.0,910.0,9.1
2005,9,Wheat,Rabi Grain,0.3,-1.0,920.0,9.2
2005,9,Maize,Coarse Grain,0.3,-1.0,775.0,7.75
2005,9,Barley,Rabi Grain,0.3,-1.0,770.0,7.7
2005,9,Tur_Arhar,Pulse,0.3,-1.0,2550.0,25.5
2005,9,Chana_Gram,Pulse,0.3,-1.0,1900.0,19.0
2005,9,Moong,Pulse,0.3,-1.0,2650.0,26.5
2005,9,Urad,Pulse,0.3,-1.0,2450.0,24.5
2005,9,Soybean,Oilseed,0.3,-1.0,1725.0,17.25
2005,9,Mustard,Oilseed,0.3,-1.0,2050.0,20.5
2005,9,Groundnut,Oilseed,0.3,-1.0,2250.0,22.5
2005,9,Sugarcane,Commercial,0.3,-1.0,145.0,1.45
2005,10,Rice,Kharif Grain,0.3,-1.0,910.0,9.1
2005,10,Wheat,Rabi Grain,0.3,-1.0,920.0,9.2
2005,10,Maize,Coarse Grain,0.3,-1.0,775.0,7.75
2005,10,Barley,Rabi Grain,0.3,-1.0,770.0,7.7
2005,10,Tur_Arhar,Pulse,0.3,-1.0,2550.0,25.5
2005,10,Chana_Gram,Pulse,0.3,-1.0,1900.0,19.0
2005,10,Moong,Pulse,0.3,-1.0,2650.0,26.5
2005,10,Urad,Pulse,0.3,-1.0,2450.0,24.5
2005,10,Soybean,Oilseed,0.3,-1.0,1725.0,17.25
2005,10,Mustard,Oilseed,0.3,-1.0,2050.0,20.5
2005,10,Groundnut,Oilseed,0.3,-1.0,2250.0,22.5
2005,10,Sugarcane,Commercial,0.3,-1.0,145.0,1.45
2005,11,Rice,Kharif Grain,0.3,-1.0,910.0,9.1
2005,11,Wheat,Rabi Grain,0.3,-1.0,920.0,9.2
2005,11,Maize,Coarse Grain,0.3,-1.0,775.0,7.75
2005,11,Barley,Rabi Grain,0.3,-1.0,770.0,7.7
2005,11,Tur_Arhar,Pulse,0.3,-1.0,2550.0,25.5
2005,11,Chana_Gram,Pulse,0.3,-1.0,1900.0,19.0
2005,11,Moong,Pulse,0.3,-1.0,2650.0,26.5
2005,11,Urad,Pulse,0.3,-1.0,2450.0,24.5
2005,11,Soybean,Oilseed,0.3,-1.0,1725.0,17.25
2005,11,Mustard,Oilseed,0.3,-1.0,2050.0,20.5
2005,11,Groundnut,Oilseed,0.3,-1.0,2250.0,22.5
2005,11,Sugarcane,Commercial,0.3,-1.0,145.0,1.45
2005,12,Rice,Kharif Grain,0.3,-1.0,910.0,9.1
2005,12,Wheat,Rabi Grain,0.3,-1.0,920.0,9.2
2005,12,Maize,Coarse Grain,0.3,-1.0,775.0,7.75
2005,12,Barley,Rabi Grain,0.3,-1.0,770.0,7.7
2005,12,Tur_Arhar,Pulse,0.3,-1.0,2550.0,25.5
2005,12,Chana_Gram,Pulse,0.3,-1.0,1900.0,19.0
2005,12,Moong,Pulse,0.3,-1.0,2650.0,26.5
2005,12,Urad,Pulse,0.3,-1.0,2450.0,24.5
2005,12,Soybean,Oilseed,0.3,-1.0,1725.0,17.25
2005,12,Mustard,Oilseed,0.3,-1.0,2050.0,20.5
2005,12,Groundnut,Oilseed,0.3,-1.0,2250.0,22.5
2005,12,Sugarcane,Commercial,0.3,-1.0,145.0,1.45
2006,1,Rice,Kharif Grain,0.8,0.0,984.0,9.84
2006,1,Wheat,Rabi Grain,0.8,0.0,988.0,9.88
2006,1,Maize,Coarse Grain,0.8,0.0,840.0,8.4
2006,1,Barley,Rabi Grain,0.8,0.0,828.0,8.28
2006,1,Tur_Arhar,Pulse,0.8,0.0,2790.0,27.9
2006,1,Chana_Gram,Pulse,0.8,0.0,2060.0,20.6
2006,1,Moong,Pulse,0.8,0.0,2900.0,29.0
2006,1,Urad,Pulse,0.8,0.0,2680.0,26.8
2006,1,Soybean,Oilseed,0.8,0.0,1890.0,18.9
2006,1,Mustard,Oilseed,0.8,0.0,2220.0,22.2
2006,1,Groundnut,Oilseed,0.8,0.0,2440.0,24.4
2006,1,Sugarcane,Commercial,0.8,0.0,157.0,1.57
2006,2,Rice,Kharif Grain,0.8,0.0,984.0,9.84
2006,2,Wheat,Rabi Grain,0.8,0.0,988.0,9.88
2006,2,Maize,Coarse Grain,0.8,0.0,840.0,8.4
2006,2,Barley,Rabi Grain,0.8,0.0,828.0,8.28
2006,2,Tur_Arhar,Pulse,0.8,0.0,2790.0,27.9
2006,2,Chana_Gram,Pulse,0.8,0.0,2060.0,20.6
2006,2,Moong,Pulse,0.8,0.0,2900.0,29.0
2006,2,Urad,Pulse,0.8,0.0,2680.0,26.8
2006,2,Soybean,Oilseed,0.8,0.0,1890.0,18.9
2006,2,Mustard,Oilseed,0.8,0.0,2220.0,22.2
2006,2,Groundnut,Oilseed,0.8,0.0,2440.0,24.4
2006,2,Sugarcane,Commercial,0.8,0.0,157.0,1.57
2006,3,Rice,Kharif Grain,0.8,0.0,984.0,9.84
2006,3,Wheat,Rabi Grain,0.8,0.0,988.0,9.88
2006,3,Maize,Coarse Grain,0.8,0.0,840.0,8.4
2006,3,Barley,Rabi Grain,0.8,0.0,828.0,8.28
2006,3,Tur_Arhar,Pulse,0.8,0.0,2790.0,27.9
2006,3,Chana_Gram,Pulse,0.8,0.0,2060.0,20.6
2006,3,Moong,Pulse,0.8,0.0,2900.0,29.0
2006,3,Urad,Pulse,0.8,0.0,2680.0,26.8
2006,3,Soybean,Oilseed,0.8,0.0,1890.0,18.9
2006,3,Mustard,Oilseed,0.8,0.0,2220.0,22.2
2006,3,Groundnut,Oilseed,0.8,0.0,2440.0,24.4
2006,3,Sugarcane,Commercial,0.8,0.0,157.0,1.57
2006,4,Rice,Kharif Grain,0.8,0.0,984.0,9.84
2006,4,Wheat,Rabi Grain,0.8,0.0,988.0,9.88
2006,4,Maize,Coarse Grain,0.8,0.0,840.0,8.4
2006,4,Barley,Rabi Grain,0.8,0.0,828.0,8.28
2006,4,Tur_Arhar,Pulse,0.8,0.0,2790.0,27.9
2006,4,Chana_Gram,Pulse,0.8,0.0,2060.0,20.6
2006,4,Moong,Pulse,0.8,0.0,2900.0,29.0
2006,4,Urad,Pulse,0.8,0.0,2680.0,26.8
2006,4,Soybean,Oilseed,0.8,0.0,1890.0,18.9
2006,4,Mustard,Oilseed,0.8,0.0,2220.0,22.2
2006,4,Groundnut,Oilseed,0.8,0.0,2440.0,24.4
2006,4,Sugarcane,Commercial,0.8,0.0,157.0,1.57
2006,5,Rice,Kharif Grain,0.8,0.0,984.0,9.84
2006,5,Wheat,Rabi Grain,0.8,0.0,988.0,9.88
2006,5,Maize,Coarse Grain,0.8,0.0,840.0,8.4
2006,5,Barley,Rabi Grain,0.8,0.0,828.0,8.28
2006,5,Tur_Arhar,Pulse,0.8,0.0,2790.0,27.9
2006,5,Chana_Gram,Pulse,0.8,0.0,2060.0,20.6
2006,5,Moong,Pulse,0.8,0.0,2900.0,29.0
2006,5,Urad,Pulse,0.8,0.0,2680.0,26.8
2006,5,Soybean,Oilseed,0.8,0.0,1890.0,18.9
2006,5,Mustard,Oilseed,0.8,0.0,2220.0,22.2
2006,5,Groundnut,Oilseed,0.8,0.0,2440.0,24.4
2006,5,Sugarcane,Commercial,0.8,0.0,157.0,1.57
2006,6,Rice,Kharif Grain,0.8,0.0,984.0,9.84
2006,6,Wheat,Rabi Grain,0.8,0.0,988.0,9.88
2006,6,Maize,Coarse Grain,0.8,0.0,840.0,8.4
2006,6,Barley,Rabi Grain,0.8,0.0,828.0,8.28
2006,6,Tur_Arhar,Pulse,0.8,0.0,2790.0,27.9
2006,6,Chana_Gram,Pulse,0.8,0.0,2060.0,20.6
2006,6,Moong,Pulse,0.8,0.0,2900.0,29.0
2006,6,Urad,Pulse,0.8,0.0,2680.0,26.8
2006,6,Soybean,Oilseed,0.8,0.0,1890.0,18.9
2006,6,Mustard,Oilseed,0.8,0.0,2220.0,22.2
2006,6,Groundnut,Oilseed,0.8,0.0,2440.0,24.4
2006,6,Sugarcane,Commercial,0.8,0.0,157.0,1.57
2006,7,Rice,Kharif Grain,0.8,0.0,984.0,9.84
2006,7,Wheat,Rabi Grain,0.8,0.0,988.0,9.88
2006,7,Maize,Coarse Grain,0.8,0.0,840.0,8.4
2006,7,Barley,Rabi Grain,0.8,0.0,828.0,8.28
2006,7,Tur_Arhar,Pulse,0.8,0.0,2790.0,27.9
2006,7,Chana_Gram,Pulse,0.8,0.0,2060.0,20.6
2006,7,Moong,Pulse,0.8,0.0,2900.0,29.0
2006,7,Urad,Pulse,0.8,0.0,2680.0,26.8
2006,7,Soybean,Oilseed,0.8,0.0,1890.0,18.9
2006,7,Mustard,Oilseed,0.8,0.0,2220.0,22.2
2006,7,Groundnut,Oilseed,0.8,0.0,2440.0,24.4
2006,7,Sugarcane,Commercial,0.8,0.0,157.0,1.57
2006,8,Rice,Kharif Grain,0.8,0.0,984.0,9.84
2006,8,Wheat,Rabi Grain,0.8,0.0,988.0,9.88
2006,8,Maize,Coarse Grain,0.8,0.0,840.0,8.4
2006,8,Barley,Rabi Grain,0.8,0.0,828.0,8.28
2006,8,Tur_Arhar,Pulse,0.8,0.0,2790.0,27.9
2006,8,Chana_Gram,Pulse,0.8,0.0,2060.0,20.6
2006,8,Moong,Pulse,0.8,0.0,2900.0,29.0
2006,8,Urad,Pulse,0.8,0.0,2680.0,26.8
2006,8,Soybean,Oilseed,0.8,0.0,1890.0,18.9
2006,8,Mustard,Oilseed,0.8,0.0,2220.0,22.2
2006,8,Groundnut,Oilseed,0.8,0.0,2440.0,24.4
2006,8,Sugarcane,Commercial,0.8,0.0,157.0,1.57
2006,9,Rice,Kharif Grain,0.8,0.0,984.0,9.84
2006,9,Wheat,Rabi Grain,0.8,0.0,988.0,9.88
2006,9,Maize,Coarse Grain,0.8,0.0,840.0,8.4
2006,9,Barley,Rabi Grain,0.8,0.0,828.0,8.28
2006,9,Tur_Arhar,Pulse,0.8,0.0,2790.0,27.9
2006,9,Chana_Gram,Pulse,0.8,0.0,2060.0,20.6
2006,9,Moong,Pulse,0.8,0.0,2900.0,29.0
2006,9,Urad,Pulse,0.8,0.0,2680.0,26.8
2006,9,Soybean,Oilseed,0.8,0.0,1890.0,18.9
2006,9,Mustard,Oilseed,0.8,0.0,2220.0,22.2
2006,9,Groundnut,Oilseed,0.8,0.0,2440.0,24.4
2006,9,Sugarcane,Commercial,0.8,0.0,157.0,1.57
2006,10,Rice,Kharif Grain,0.8,0.0,984.0,9.84
2006,10,Wheat,Rabi Grain,0.8,0.0,988.0,9.88
2006,10,Maize,Coarse Grain,0.8,0.0,840.0,8.4
2006,10,Barley,Rabi Grain,0.8,0.0,828.0,8.28
2006,10,Tur_Arhar,Pulse,0.8,0.0,2790.0,27.9
2006,10,Chana_Gram,Pulse,0.8,0.0,2060.0,20.6
2006,10,Moong,Pulse,0.8,0.0,2900.0,29.0
2006,10,Urad,Pulse,0.8,0.0,2680.0,26.8
2006,10,Soybean,Oilseed,0.8,0.0,1890.0,18.9
2006,10,Mustard,Oilseed,0.8,0.0,2220.0,22.2
2006,10,Groundnut,Oilseed,0.8,0.0,2440.0,24.4
2006,10,Sugarcane,Commercial,0.8,0.0,157.0,1.57
2006,11,Rice,Kharif Grain,0.8,0.0,984.0,9.84
2006,11,Wheat,Rabi Grain,0.8,0.0,988.0,9.88
2006,11,Maize,Coarse Grain,0.8,0.0,840.0,8.4
2006,11,Barley,Rabi Grain,0.8,0.0,828.0,8.28
2006,11,Tur_Arhar,Pulse,0.8,0.0,2790.0,27.9
2006,11,Chana_Gram,Pulse,0.8,0.0,2060.0,20.6
2006,11,Moong,Pulse,0.8,0.0,2900.0,29.0
2006,11,Urad,Pulse,0.8,0.0,2680.0,26.8
2006,11,Soybean,Oilseed,0.8,0.0,1890.0,18.9
2006,11,Mustard,Oilseed,0.8,0.0,2220.0,22.2
2006,11,Groundnut,Oilseed,0.8,0.0,2440.0,24.4
2006,11,Sugarcane,Commercial,0.8,0.0,157.0,1.57
2006,12,Rice,Kharif Grain,0.8,0.0,984.0,9.84
2006,12,Wheat,Rabi Grain,0.8,0.0,988.0,9.88
2006,12,Maize,Coarse Grain,0.8,0.0,840.0,8.4
2006,12,Barley,Rabi Grain,0.8,0.0,828.0,8.28
2006,12,Tur_Arhar,Pulse,0.8,0.0,2790.0,27.9
2006,12,Chana_Gram,Pulse,0.8,0.0,2060.0,20.6
2006,12,Moong,Pulse,0.8,0.0,2900.0,29.0
2006,12,Urad,Pulse,0.8,0.0,2680.0,26.8
2006,12,Soybean,Oilseed,0.8,0.0,1890.0,18.9
2006,12,Mustard,Oilseed,0.8,0.0,2220.0,22.2
2006,12,Groundnut,Oilseed,0.8,0.0,2440.0,24.4
2006,12,Sugarcane,Commercial,0.8,0.0,157.0,1.57
2007,1,Rice,Kharif Grain,-0.8,5.7,1058.0,10.58
2007,1,Wheat,Rabi Grain,-0.8,5.7,1056.0,10.56
2007,1,Maize,Coarse Grain,-0.8,5.7,905.0,9.05
2007,1,Barley,Rabi Grain,-0.8,5.7,886.0,8.86
2007,1,Tur_Arhar,Pulse,-0.8,5.7,3030.0,30.3
2007,1,Chana_Gram,Pulse,-0.8,5.7,2220.0,22.2
2007,1,Moong,Pulse,-0.8,5.7,3150.0,31.5
2007,1,Urad,Pulse,-0.8,5.7,2910.0,29.1
2007,1,Soybean,Oilseed,-0.8,5.7,2055.0,20.55
2007,1,Mustard,Oilseed,-0.8,5.7,2390.0,23.9
2007,1,Groundnut,Oilseed,-0.8,5.7,2630.0,26.3
2007,1,Sugarcane,Commercial,-0.8,5.7,169.0,1.69
2007,2,Rice,Kharif Grain,-0.8,5.7,1058.0,10.58
2007,2,Wheat,Rabi Grain,-0.8,5.7,1056.0,10.56
2007,2,Maize,Coarse Grain,-0.8,5.7,905.0,9.05
2007,2,Barley,Rabi Grain,-0.8,5.7,886.0,8.86
2007,2,Tur_Arhar,Pulse,-0.8,5.7,3030.0,30.3
2007,2,Chana_Gram,Pulse,-0.8,5.7,2220.0,22.2
2007,2,Moong,Pulse,-0.8,5.7,3150.0,31.5
2007,2,Urad,Pulse,-0.8,5.7,2910.0,29.1
2007,2,Soybean,Oilseed,-0.8,5.7,2055.0,20.55
2007,2,Mustard,Oilseed,-0.8,5.7,2390.0,23.9
2007,2,Groundnut,Oilseed,-0.8,5.7,2630.0,26.3
2007,2,Sugarcane,Commercial,-0.8,5.7,169.0,1.69
2007,3,Rice,Kharif Grain,-0.8,5.7,1058.0,10.58
2007,3,Wheat,Rabi Grain,-0.8,5.7,1056.0,10.56
2007,3,Maize,Coarse Grain,-0.8,5.7,905.0,9.05
2007,3,Barley,Rabi Grain,-0.8,5.7,886.0,8.86
2007,3,Tur_Arhar,Pulse,-0.8,5.7,3030.0,30.3
2007,3,Chana_Gram,Pulse,-0.8,5.7,2220.0,22.2
2007,3,Moong,Pulse,-0.8,5.7,3150.0,31.5
2007,3,Urad,Pulse,-0.8,5.7,2910.0,29.1
2007,3,Soybean,Oilseed,-0.8,5.7,2055.0,20.55
2007,3,Mustard,Oilseed,-0.8,5.7,2390.0,23.9
2007,3,Groundnut,Oilseed,-0.8,5.7,2630.0,26.3
2007,3,Sugarcane,Commercial,-0.8,5.7,169.0,1.69
2007,4,Rice,Kharif Grain,-0.8,5.7,1058.0,10.58
2007,4,Wheat,Rabi Grain,-0.8,5.7,1056.0,10.56
2007,4,Maize,Coarse Grain,-0.8,5.7,905.0,9.05
2007,4,Barley,Rabi Grain,-0.8,5.7,886.0,8.86
2007,4,Tur_Arhar,Pulse,-0.8,5.7,3030.0,30.3
2007,4,Chana_Gram,Pulse,-0.8,5.7,2220.0,22.2
2007,4,Moong,Pulse,-0.8,5.7,3150.0,31.5
2007,4,Urad,Pulse,-0.8,5.7,2910.0,29.1
2007,4,Soybean,Oilseed,-0.8,5.7,2055.0,20.55
2007,4,Mustard,Oilseed,-0.8,5.7,2390.0,23.9
2007,4,Groundnut,Oilseed,-0.8,5.7,2630.0,26.3
2007,4,Sugarcane,Commercial,-0.8,5.7,169.0,1.69
2007,5,Rice,Kharif Grain,-0.8,5.7,1058.0,10.58
2007,5,Wheat,Rabi Grain,-0.8,5.7,1056.0,10.56
2007,5,Maize,Coarse Grain,-0.8,5.7,905.0,9.05
2007,5,Barley,Rabi Grain,-0.8,5.7,886.0,8.86
2007,5,Tur_Arhar,Pulse,-0.8,5.7,3030.0,30.3
2007,5,Chana_Gram,Pulse,-0.8,5.7,2220.0,22.2
2007,5,Moong,Pulse,-0.8,5.7,3150.0,31.5
2007,5,Urad,Pulse,-0.8,5.7,2910.0,29.1
2007,5,Soybean,Oilseed,-0.8,5.7,2055.0,20.55
2007,5,Mustard,Oilseed,-0.8,5.7,2390.0,23.9
2007,5,Groundnut,Oilseed,-0.8,5.7,2630.0,26.3
2007,5,Sugarcane,Commercial,-0.8,5.7,169.0,1.69
2007,6,Rice,Kharif Grain,-0.8,5.7,1058.0,10.58
2007,6,Wheat,Rabi Grain,-0.8,5.7,1056.0,10.56
2007,6,Maize,Coarse Grain,-0.8,5.7,905.0,9.05
2007,6,Barley,Rabi Grain,-0.8,5.7,886.0,8.86
2007,6,Tur_Arhar,Pulse,-0.8,5.7,3030.0,30.3
2007,6,Chana_Gram,Pulse,-0.8,5.7,2220.0,22.2
2007,6,Moong,Pulse,-0.8,5.7,3150.0,31.5
2007,6,Urad,Pulse,-0.8,5.7,2910.0,29.1
2007,6,Soybean,Oilseed,-0.8,5.7,2055.0,20.55
2007,6,Mustard,Oilseed,-0.8,5.7,2390.0,23.9
2007,6,Groundnut,Oilseed,-0.8,5.7,2630.0,26.3
2007,6,Sugarcane,Commercial,-0.8,5.7,169.0,1.69
2007,7,Rice,Kharif Grain,-0.8,5.7,1058.0,10.58
2007,7,Wheat,Rabi Grain,-0.8,5.7,1056.0,10.56
2007,7,Maize,Coarse Grain,-0.8,5.7,905.0,9.05
2007,7,Barley,Rabi Grain,-0.8,5.7,886.0,8.86
2007,7,Tur_Arhar,Pulse,-0.8,5.7,3030.0,30.3
2007,7,Chana_Gram,Pulse,-0.8,5.7,2220.0,22.2
2007,7,Moong,Pulse,-0.8,5.7,3150.0,31.5
2007,7,Urad,Pulse,-0.8,5.7,2910.0,29.1
2007,7,Soybean,Oilseed,-0.8,5.7,2055.0,20.55
2007,7,Mustard,Oilseed,-0.8,5.7,2390.0,23.9
2007,7,Groundnut,Oilseed,-0.8,5.7,2630.0,26.3
2007,7,Sugarcane,Commercial,-0.8,5.7,169.0,1.69
2007,8,Rice,Kharif Grain,-0.8,5.7,1058.0,10.58
2007,8,Wheat,Rabi Grain,-0.8,5.7,1056.0,10.56
2007,8,Maize,Coarse Grain,-0.8,5.7,905.0,9.05
2007,8,Barley,Rabi Grain,-0.8,5.7,886.0,8.86
2007,8,Tur_Arhar,Pulse,-0.8,5.7,3030.0,30.3
2007,8,Chana_Gram,Pulse,-0.8,5.7,2220.0,22.2
2007,8,Moong,Pulse,-0.8,5.7,3150.0,31.5
2007,8,Urad,Pulse,-0.8,5.7,2910.0,29.1
2007,8,Soybean,Oilseed,-0.8,5.7,2055.0,20.55
2007,8,Mustard,Oilseed,-0.8,5.7,2390.0,23.9
2007,8,Groundnut,Oilseed,-0.8,5.7,2630.0,26.3
2007,8,Sugarcane,Commercial,-0.8,5.7,169.0,1.69
2007,9,Rice,Kharif Grain,-0.8,5.7,1058.0,10.58
2007,9,Wheat,Rabi Grain,-0.8,5.7,1056.0,10.56
2007,9,Maize,Coarse Grain,-0.8,5.7,905.0,9.05
2007,9,Barley,Rabi Grain,-0.8,5.7,886.0,8.86
2007,9,Tur_Arhar,Pulse,-0.8,5.7,3030.0,30.3
2007,9,Chana_Gram,Pulse,-0.8,5.7,2220.0,22.2
2007,9,Moong,Pulse,-0.8,5.7,3150.0,31.5
2007,9,Urad,Pulse,-0.8,5.7,2910.0,29.1
2007,9,Soybean,Oilseed,-0.8,5.7,2055.0,20.55
2007,9,Mustard,Oilseed,-0.8,5.7,2390.0,23.9
2007,9,Groundnut,Oilseed,-0.8,5.7,2630.0,26.3
2007,9,Sugarcane,Commercial,-0.8,5.7,169.0,1.69
2007,10,Rice,Kharif Grain,-0.8,5.7,1058.0,10.58
2007,10,Wheat,Rabi Grain,-0.8,5.7,1056.0,10.56
2007,10,Maize,Coarse Grain,-0.8,5.7,905.0,9.05
2007,10,Barley,Rabi Grain,-0.8,5.7,886.0,8.86
2007,10,Tur_Arhar,Pulse,-0.8,5.7,3030.0,30.3
2007,10,Chana_Gram,Pulse,-0.8,5.7,2220.0,22.2
2007,10,Moong,Pulse,-0.8,5.7,3150.0,31.5
2007,10,Urad,Pulse,-0.8,5.7,2910.0,29.1
2007,10,Soybean,Oilseed,-0.8,5.7,2055.0,20.55
2007,10,Mustard,Oilseed,-0.8,5.7,2390.0,23.9
2007,10,Groundnut,Oilseed,-0.8,5.7,2630.0,26.3
2007,10,Sugarcane,Commercial,-0.8,5.7,169.0,1.69
2007,11,Rice,Kharif Grain,-0.8,5.7,1058.0,10.58
2007,11,Wheat,Rabi Grain,-0.8,5.7,1056.0,10.56
2007,11,Maize,Coarse Grain,-0.8,5.7,905.0,9.05
2007,11,Barley,Rabi Grain,-0.8,5.7,886.0,8.86
2007,11,Tur_Arhar,Pulse,-0.8,5.7,3030.0,30.3
2007,11,Chana_Gram,Pulse,-0.8,5.7,2220.0,22.2
2007,11,Moong,Pulse,-0.8,5.7,3150.0,31.5
2007,11,Urad,Pulse,-0.8,5.7,2910.0,29.1
2007,11,Soybean,Oilseed,-0.8,5.7,2055.0,20.55
2007,11,Mustard,Oilseed,-0.8,5.7,2390.0,23.9
2007,11,Groundnut,Oilseed,-0.8,5.7,2630.0,26.3
2007,11,Sugarcane,Commercial,-0.8,5.7,169.0,1.69
2007,12,Rice,Kharif Grain,-0.8,5.7,1058.0,10.58
2007,12,Wheat,Rabi Grain,-0.8,5.7,1056.0,10.56
2007,12,Maize,Coarse Grain,-0.8,5.7,905.0,9.05
2007,12,Barley,Rabi Grain,-0.8,5.7,886.0,8.86
2007,12,Tur_Arhar,Pulse,-0.8,5.7,3030.0,30.3
2007,12,Chana_Gram,Pulse,-0.8,5.7,2220.0,22.2
2007,12,Moong,Pulse,-0.8,5.7,3150.0,31.5
2007,12,Urad,Pulse,-0.8,5.7,2910.0,29.1
2007,12,Soybean,Oilseed,-0.8,5.7,2055.0,20.55
2007,12,Mustard,Oilseed,-0.8,5.7,2390.0,23.9
2007,12,Groundnut,Oilseed,-0.8,5.7,2630.0,26.3
2007,12,Sugarcane,Commercial,-0.8,5.7,169.0,1.69
2008,1,Rice,Kharif Grain,-0.2,-1.7,1132.0,11.32
2008,1,Wheat,Rabi Grain,-0.2,-1.7,1124.0,11.24
2008,1,Maize,Coarse Grain,-0.2,-1.7,970.0,9.7
2008,1,Barley,Rabi Grain,-0.2,-1.7,944.0,9.44
2008,1,Tur_Arhar,Pulse,-0.2,-1.7,3270.0,32.7
2008,1,Chana_Gram,Pulse,-0.2,-1.7,2380.0,23.8
2008,1,Moong,Pulse,-0.2,-1.7,3400.0,34.0
2008,1,Urad,Pulse,-0.2,-1.7,3140.0,31.4
2008,1,Soybean,Oilseed,-0.2,-1.7,2220.0,22.2
2008,1,Mustard,Oilseed,-0.2,-1.7,2560.0,25.6
2008,1,Groundnut,Oilseed,-0.2,-1.7,2820.0,28.2
2008,1,Sugarcane,Commercial,-0.2,-1.7,181.0,1.81
2008,2,Rice,Kharif Grain,-0.2,-1.7,1132.0,11.32
2008,2,Wheat,Rabi Grain,-0.2,-1.7,1124.0,11.24
2008,2,Maize,Coarse Grain,-0.2,-1.7,970.0,9.7
2008,2,Barley,Rabi Grain,-0.2,-1.7,944.0,9.44
2008,2,Tur_Arhar,Pulse,-0.2,-1.7,3270.0,32.7
2008,2,Chana_Gram,Pulse,-0.2,-1.7,2380.0,23.8
2008,2,Moong,Pulse,-0.2,-1.7,3400.0,34.0
2008,2,Urad,Pulse,-0.2,-1.7,3140.0,31.4
2008,2,Soybean,Oilseed,-0.2,-1.7,2220.0,22.2
2008,2,Mustard,Oilseed,-0.2,-1.7,2560.0,25.6
2008,2,Groundnut,Oilseed,-0.2,-1.7,2820.0,28.2
2008,2,Sugarcane,Commercial,-0.2,-1.7,181.0,1.81
2008,3,Rice,Kharif Grain,-0.2,-1.7,1132.0,11.32
2008,3,Wheat,Rabi Grain,-0.2,-1.7,1124.0,11.24
2008,3,Maize,Coarse Grain,-0.2,-1.7,970.0,9.7
2008,3,Barley,Rabi Grain,-0.2,-1.7,944.0,9.44
2008,3,Tur_Arhar,Pulse,-0.2,-1.7,3270.0,32.7
2008,3,Chana_Gram,Pulse,-0.2,-1.7,2380.0,23.8
2008,3,Moong,Pulse,-0.2,-1.7,3400.0,34.0
2008,3,Urad,Pulse,-0.2,-1.7,3140.0,31.4
2008,3,Soybean,Oilseed,-0.2,-1.7,2220.0,22.2
2008,3,Mustard,Oilseed,-0.2,-1.7,2560.0,25.6
2008,3,Groundnut,Oilseed,-0.2,-1.7,2820.0,28.2
2008,3,Sugarcane,Commercial,-0.2,-1.7,181.0,1.81
2008,4,Rice,Kharif Grain,-0.2,-1.7,1132.0,11.32
2008,4,Wheat,Rabi Grain,-0.2,-1.7,1124.0,11.24
2008,4,Maize,Coarse Grain,-0.2,-1.7,970.0,9.7
2008,4,Barley,Rabi Grain,-0.2,-1.7,944.0,9.44
2008,4,Tur_Arhar,Pulse,-0.2,-1.7,3270.0,32.7
2008,4,Chana_Gram,Pulse,-0.2,-1.7,2380.0,23.8
2008,4,Moong,Pulse,-0.2,-1.7,3400.0,34.0
2008,4,Urad,Pulse,-0.2,-1.7,3140.0,31.4
2008,4,Soybean,Oilseed,-0.2,-1.7,2220.0,22.2
2008,4,Mustard,Oilseed,-0.2,-1.7,2560.0,25.6
2008,4,Groundnut,Oilseed,-0.2,-1.7,2820.0,28.2
2008,4,Sugarcane,Commercial,-0.2,-1.7,181.0,1.81
2008,5,Rice,Kharif Grain,-0.2,-1.7,1132.0,11.32
2008,5,Wheat,Rabi Grain,-0.2,-1.7,1124.0,11.24
2008,5,Maize,Coarse Grain,-0.2,-1.7,970.0,9.7
2008,5,Barley,Rabi Grain,-0.2,-1.7,944.0,9.44
2008,5,Tur_Arhar,Pulse,-0.2,-1.7,3270.0,32.7
2008,5,Chana_Gram,Pulse,-0.2,-1.7,2380.0,23.8
2008,5,Moong,Pulse,-0.2,-1.7,3400.0,34.0
2008,5,Urad,Pulse,-0.2,-1.7,3140.0,31.4
2008,5,Soybean,Oilseed,-0.2,-1.7,2220.0,22.2
2008,5,Mustard,Oilseed,-0.2,-1.7,2560.0,25.6
2008,5,Groundnut,Oilseed,-0.2,-1.7,2820.0,28.2
2008,5,Sugarcane,Commercial,-0.2,-1.7,181.0,1.81
2008,6,Rice,Kharif Grain,-0.2,-1.7,1132.0,11.32
2008,6,Wheat,Rabi Grain,-0.2,-1.7,1124.0,11.24
2008,6,Maize,Coarse Grain,-0.2,-1.7,970.0,9.7
2008,6,Barley,Rabi Grain,-0.2,-1.7,944.0,9.44
2008,6,Tur_Arhar,Pulse,-0.2,-1.7,3270.0,32.7
2008,6,Chana_Gram,Pulse,-0.2,-1.7,2380.0,23.8
2008,6,Moong,Pulse,-0.2,-1.7,3400.0,34.0
2008,6,Urad,Pulse,-0.2,-1.7,3140.0,31.4
2008,6,Soybean,Oilseed,-0.2,-1.7,2220.0,22.2
2008,6,Mustard,Oilseed,-0.2,-1.7,2560.0,25.6
2008,6,Groundnut,Oilseed,-0.2,-1.7,2820.0,28.2
2008,6,Sugarcane,Commercial,-0.2,-1.7,181.0,1.81
2008,7,Rice,Kharif Grain,-0.2,-1.7,1132.0,11.32
2008,7,Wheat,Rabi Grain,-0.2,-1.7,1124.0,11.24
2008,7,Maize,Coarse Grain,-0.2,-1.7,970.0,9.7
2008,7,Barley,Rabi Grain,-0.2,-1.7,944.0,9.44
2008,7,Tur_Arhar,Pulse,-0.2,-1.7,3270.0,32.7
2008,7,Chana_Gram,Pulse,-0.2,-1.7,2380.0,23.8
2008,7,Moong,Pulse,-0.2,-1.7,3400.0,34.0
2008,7,Urad,Pulse,-0.2,-1.7,3140.0,31.4
2008,7,Soybean,Oilseed,-0.2,-1.7,2220.0,22.2
2008,7,Mustard,Oilseed,-0.2,-1.7,2560.0,25.6
2008,7,Groundnut,Oilseed,-0.2,-1.7,2820.0,28.2
2008,7,Sugarcane,Commercial,-0.2,-1.7,181.0,1.81
2008,8,Rice,Kharif Grain,-0.2,-1.7,1132.0,11.32
2008,8,Wheat,Rabi Grain,-0.2,-1.7,1124.0,11.24
2008,8,Maize,Coarse Grain,-0.2,-1.7,970.0,9.7
2008,8,Barley,Rabi Grain,-0.2,-1.7,944.0,9.44
2008,8,Tur_Arhar,Pulse,-0.2,-1.7,3270.0,32.7
2008,8,Chana_Gram,Pulse,-0.2,-1.7,2380.0,23.8
2008,8,Moong,Pulse,-0.2,-1.7,3400.0,34.0
2008,8,Urad,Pulse,-0.2,-1.7,3140.0,31.4
2008,8,Soybean,Oilseed,-0.2,-1.7,2220.0,22.2
2008,8,Mustard,Oilseed,-0.2,-1.7,2560.0,25.6
2008,8,Groundnut,Oilseed,-0.2,-1.7,2820.0,28.2
2008,8,Sugarcane,Commercial,-0.2,-1.7,181.0,1.81
2008,9,Rice,Kharif Grain,-0.2,-1.7,1132.0,11.32
2008,9,Wheat,Rabi Grain,-0.2,-1.7,1124.0,11.24
2008,9,Maize,Coarse Grain,-0.2,-1.7,970.0,9.7
2008,9,Barley,Rabi Grain,-0.2,-1.7,944.0,9.44
2008,9,Tur_Arhar,Pulse,-0.2,-1.7,3270.0,32.7
2008,9,Chana_Gram,Pulse,-0.2,-1.7,2380.0,23.8
2008,9,Moong,Pulse,-0.2,-1.7,3400.0,34.0
2008,9,Urad,Pulse,-0.2,-1.7,3140.0,31.4
2008,9,Soybean,Oilseed,-0.2,-1.7,2220.0,22.2
2008,9,Mustard,Oilseed,-0.2,-1.7,2560.0,25.6
2008,9,Groundnut,Oilseed,-0.2,-1.7,2820.0,28.2
2008,9,Sugarcane,Commercial,-0.2,-1.7,181.0,1.81
2008,10,Rice,Kharif Grain,-0.2,-1.7,1132.0,11.32
2008,10,Wheat,Rabi Grain,-0.2,-1.7,1124.0,11.24
2008,10,Maize,Coarse Grain,-0.2,-1.7,970.0,9.7
2008,10,Barley,Rabi Grain,-0.2,-1.7,944.0,9.44
2008,10,Tur_Arhar,Pulse,-0.2,-1.7,3270.0,32.7
2008,10,Chana_Gram,Pulse,-0.2,-1.7,2380.0,23.8
2008,10,Moong,Pulse,-0.2,-1.7,3400.0,34.0
2008,10,Urad,Pulse,-0.2,-1.7,3140.0,31.4
2008,10,Soybean,Oilseed,-0.2,-1.7,2220.0,22.2
2008,10,Mustard,Oilseed,-0.2,-1.7,2560.0,25.6
2008,10,Groundnut,Oilseed,-0.2,-1.7,2820.0,28.2
2008,10,Sugarcane,Commercial,-0.2,-1.7,181.0,1.81
2008,11,Rice,Kharif Grain,-0.2,-1.7,1132.0,11.32
2008,11,Wheat,Rabi Grain,-0.2,-1.7,1124.0,11.24
2008,11,Maize,Coarse Grain,-0.2,-1.7,970.0,9.7
2008,11,Barley,Rabi Grain,-0.2,-1.7,944.0,9.44
2008,11,Tur_Arhar,Pulse,-0.2,-1.7,3270.0,32.7
2008,11,Chana_Gram,Pulse,-0.2,-1.7,2380.0,23.8
2008,11,Moong,Pulse,-0.2,-1.7,3400.0,34.0
2008,11,Urad,Pulse,-0.2,-1.7,3140.0,31.4
2008,11,Soybean,Oilseed,-0.2,-1.7,2220.0,22.2
2008,11,Mustard,Oilseed,-0.2,-1.7,2560.0,25.6
2008,11,Groundnut,Oilseed,-0.2,-1.7,2820.0,28.2
2008,11,Sugarcane,Commercial,-0.2,-1.7,181.0,1.81
2008,12,Rice,Kharif Grain,-0.2,-1.7,1132.0,11.32
2008,12,Wheat,Rabi Grain,-0.2,-1.7,1124.0,11.24
2008,12,Maize,Coarse Grain,-0.2,-1.7,970.0,9.7
2008,12,Barley,Rabi Grain,-0.2,-1.7,944.0,9.44
2008,12,Tur_Arhar,Pulse,-0.2,-1.7,3270.0,32.7
2008,12,Chana_Gram,Pulse,-0.2,-1.7,2380.0,23.8
2008,12,Moong,Pulse,-0.2,-1.7,3400.0,34.0
2008,12,Urad,Pulse,-0.2,-1.7,3140.0,31.4
2008,12,Soybean,Oilseed,-0.2,-1.7,2220.0,22.2
2008,12,Mustard,Oilseed,-0.2,-1.7,2560.0,25.6
2008,12,Groundnut,Oilseed,-0.2,-1.7,2820.0,28.2
2008,12,Sugarcane,Commercial,-0.2,-1.7,181.0,1.81
2009,1,Rice,Kharif Grain,1.4,-21.8,1468.9,14.69
2009,1,Wheat,Rabi Grain,1.4,-21.8,1360.9,13.61
2009,1,Maize,Coarse Grain,1.4,-21.8,1294.5,12.95
2009,1,Barley,Rabi Grain,1.4,-21.8,1154.9,11.55
2009,1,Tur_Arhar,Pulse,1.4,-21.8,4849.1,48.49
2009,1,Chana_Gram,Pulse,1.4,-21.8,3010.7,30.11
2009,1,Moong,Pulse,1.4,-21.8,4923.1,49.23
2009,1,Urad,Pulse,1.4,-21.8,4582.2,45.82
2009,1,Soybean,Oilseed,1.4,-21.8,3372.9,33.73
2009,1,Mustard,Oilseed,1.4,-21.8,3176.4,31.76
2009,1,Groundnut,Oilseed,1.4,-21.8,3961.5,39.62
2009,1,Sugarcane,Commercial,1.4,-21.8,230.9,2.31
2009,2,Rice,Kharif Grain,1.4,-21.8,1468.9,14.69
2009,2,Wheat,Rabi Grain,1.4,-21.8,1360.9,13.61
2009,2,Maize,Coarse Grain,1.4,-21.8,1294.5,12.95
2009,2,Barley,Rabi Grain,1.4,-21.8,1154.9,11.55
2009,2,Tur_Arhar,Pulse,1.4,-21.8,4849.1,48.49
2009,2,Chana_Gram,Pulse,1.4,-21.8,3010.7,30.11
2009,2,Moong,Pulse,1.4,-21.8,4923.1,49.23
2009,2,Urad,Pulse,1.4,-21.8,4582.2,45.82
2009,2,Soybean,Oilseed,1.4,-21.8,3372.9,33.73
2009,2,Mustard,Oilseed,1.4,-21.8,3176.4,31.76
2009,2,Groundnut,Oilseed,1.4,-21.8,3961.5,39.62
2009,2,Sugarcane,Commercial,1.4,-21.8,230.9,2.31
2009,3,Rice,Kharif Grain,1.4,-21.8,1468.9,14.69
2009,3,Wheat,Rabi Grain,1.4,-21.8,1360.9,13.61
2009,3,Maize,Coarse Grain,1.4,-21.8,1294.5,12.95
2009,3,Barley,Rabi Grain,1.4,-21.8,1154.9,11.55
2009,3,Tur_Arhar,Pulse,1.4,-21.8,4849.1,48.49
2009,3,Chana_Gram,Pulse,1.4,-21.8,3010.7,30.11
2009,3,Moong,Pulse,1.4,-21.8,4923.1,49.23
2009,3,Urad,Pulse,1.4,-21.8,4582.2,45.82
2009,3,Soybean,Oilseed,1.4,-21.8,3372.9,33.73
2009,3,Mustard,Oilseed,1.4,-21.8,3176.4,31.76
2009,3,Groundnut,Oilseed,1.4,-21.8,3961.5,39.62
2009,3,Sugarcane,Commercial,1.4,-21.8,230.9,2.31
2009,4,Rice,Kharif Grain,1.4,-21.8,1468.9,14.69
2009,4,Wheat,Rabi Grain,1.4,-21.8,1360.9,13.61
2009,4,Maize,Coarse Grain,1.4,-21.8,1294.5,12.95
2009,4,Barley,Rabi Grain,1.4,-21.8,1154.9,11.55
2009,4,Tur_Arhar,Pulse,1.4,-21.8,4849.1,48.49
2009,4,Chana_Gram,Pulse,1.4,-21.8,3010.7,30.11
2009,4,Moong,Pulse,1.4,-21.8,4923.1,49.23
2009,4,Urad,Pulse,1.4,-21.8,4582.2,45.82
2009,4,Soybean,Oilseed,1.4,-21.8,3372.9,33.73
2009,4,Mustard,Oilseed,1.4,-21.8,3176.4,31.76
2009,4,Groundnut,Oilseed,1.4,-21.8,3961.5,39.62
2009,4,Sugarcane,Commercial,1.4,-21.8,230.9,2.31
2009,5,Rice,Kharif Grain,1.4,-21.8,1468.9,14.69
2009,5,Wheat,Rabi Grain,1.4,-21.8,1360.9,13.61
2009,5,Maize,Coarse Grain,1.4,-21.8,1294.5,12.95
2009,5,Barley,Rabi Grain,1.4,-21.8,1154.9,11.55
2009,5,Tur_Arhar,Pulse,1.4,-21.8,4849.1,48.49
2009,5,Chana_Gram,Pulse,1.4,-21.8,3010.7,30.11
2009,5,Moong,Pulse,1.4,-21.8,4923.1,49.23
2009,5,Urad,Pulse,1.4,-21.8,4582.2,45.82
2009,5,Soybean,Oilseed,1.4,-21.8,3372.9,33.73
2009,5,Mustard,Oilseed,1.4,-21.8,3176.4,31.76
2009,5,Groundnut,Oilseed,1.4,-21.8,3961.5,39.62
2009,5,Sugarcane,Commercial,1.4,-21.8,230.9,2.31
2009,6,Rice,Kharif Grain,1.4,-21.8,1468.9,14.69
2009,6,Wheat,Rabi Grain,1.4,-21.8,1360.9,13.61
2009,6,Maize,Coarse Grain,1.4,-21.8,1294.5,12.95
2009,6,Barley,Rabi Grain,1.4,-21.8,1154.9,11.55
2009,6,Tur_Arhar,Pulse,1.4,-21.8,4849.1,48.49
2009,6,Chana_Gram,Pulse,1.4,-21.8,3010.7,30.11
2009,6,Moong,Pulse,1.4,-21.8,4923.1,49.23
2009,6,Urad,Pulse,1.4,-21.8,4582.2,45.82
2009,6,Soybean,Oilseed,1.4,-21.8,3372.9,33.73
2009,6,Mustard,Oilseed,1.4,-21.8,3176.4,31.76
2009,6,Groundnut,Oilseed,1.4,-21.8,3961.5,39.62
2009,6,Sugarcane,Commercial,1.4,-21.8,230.9,2.31
2009,7,Rice,Kharif Grain,1.4,-21.8,1468.9,14.69
2009,7,Wheat,Rabi Grain,1.4,-21.8,1360.9,13.61
2009,7,Maize,Coarse Grain,1.4,-21.8,1294.5,12.95
2009,7,Barley,Rabi Grain,1.4,-21.8,1154.9,11.55
2009,7,Tur_Arhar,Pulse,1.4,-21.8,4849.1,48.49
2009,7,Chana_Gram,Pulse,1.4,-21.8,3010.7,30.11
2009,7,Moong,Pulse,1.4,-21.8,4923.1,49.23
2009,7,Urad,Pulse,1.4,-21.8,4582.2,45.82
2009,7,Soybean,Oilseed,1.4,-21.8,3372.9,33.73
2009,7,Mustard,Oilseed,1.4,-21.8,3176.4,31.76
2009,7,Groundnut,Oilseed,1.4,-21.8,3961.5,39.62
2009,7,Sugarcane,Commercial,1.4,-21.8,230.9,2.31
2009,8,Rice,Kharif Grain,1.4,-21.8,1468.9,14.69
2009,8,Wheat,Rabi Grain,1.4,-21.8,1360.9,13.61
2009,8,Maize,Coarse Grain,1.4,-21.8,1294.5,12.95
2009,8,Barley,Rabi Grain,1.4,-21.8,1154.9,11.55
2009,8,Tur_Arhar,Pulse,1.4,-21.8,4849.1,48.49
2009,8,Chana_Gram,Pulse,1.4,-21.8,3010.7,30.11
2009,8,Moong,Pulse,1.4,-21.8,4923.1,49.23
2009,8,Urad,Pulse,1.4,-21.8,4582.2,45.82
2009,8,Soybean,Oilseed,1.4,-21.8,3372.9,33.73
2009,8,Mustard,Oilseed,1.4,-21.8,3176.4,31.76
2009,8,Groundnut,Oilseed,1.4,-21.8,3961.5,39.62
2009,8,Sugarcane,Commercial,1.4,-21.8,230.9,2.31
2009,9,Rice,Kharif Grain,1.4,-21.8,1468.9,14.69
2009,9,Wheat,Rabi Grain,1.4,-21.8,1360.9,13.61
2009,9,Maize,Coarse Grain,1.4,-21.8,1294.5,12.95
2009,9,Barley,Rabi Grain,1.4,-21.8,1154.9,11.55
2009,9,Tur_Arhar,Pulse,1.4,-21.8,4849.1,48.49
2009,9,Chana_Gram,Pulse,1.4,-21.8,3010.7,30.11
2009,9,Moong,Pulse,1.4,-21.8,4923.1,49.23
2009,9,Urad,Pulse,1.4,-21.8,4582.2,45.82
2009,9,Soybean,Oilseed,1.4,-21.8,3372.9,33.73
2009,9,Mustard,Oilseed,1.4,-21.8,3176.4,31.76
2009,9,Groundnut,Oilseed,1.4,-21.8,3961.5,39.62
2009,9,Sugarcane,Commercial,1.4,-21.8,230.9,2.31
2009,10,Rice,Kharif Grain,1.4,-21.8,1468.9,14.69
2009,10,Wheat,Rabi Grain,1.4,-21.8,1360.9,13.61
2009,10,Maize,Coarse Grain,1.4,-21.8,1294.5,12.95
2009,10,Barley,Rabi Grain,1.4,-21.8,1154.9,11.55
2009,10,Tur_Arhar,Pulse,1.4,-21.8,4849.1,48.49
2009,10,Chana_Gram,Pulse,1.4,-21.8,3010.7,30.11
2009,10,Moong,Pulse,1.4,-21.8,4923.1,49.23
2009,10,Urad,Pulse,1.4,-21.8,4582.2,45.82
2009,10,Soybean,Oilseed,1.4,-21.8,3372.9,33.73
2009,10,Mustard,Oilseed,1.4,-21.8,3176.4,31.76
2009,10,Groundnut,Oilseed,1.4,-21.8,3961.5,39.62
2009,10,Sugarcane,Commercial,1.4,-21.8,230.9,2.31
2009,11,Rice,Kharif Grain,1.4,-21.8,1468.9,14.69
2009,11,Wheat,Rabi Grain,1.4,-21.8,1360.9,13.61
2009,11,Maize,Coarse Grain,1.4,-21.8,1294.5,12.95
2009,11,Barley,Rabi Grain,1.4,-21.8,1154.9,11.55
2009,11,Tur_Arhar,Pulse,1.4,-21.8,4849.1,48.49
2009,11,Chana_Gram,Pulse,1.4,-21.8,3010.7,30.11
2009,11,Moong,Pulse,1.4,-21.8,4923.1,49.23
2009,11,Urad,Pulse,1.4,-21.8,4582.2,45.82
2009,11,Soybean,Oilseed,1.4,-21.8,3372.9,33.73
2009,11,Mustard,Oilseed,1.4,-21.8,3176.4,31.76
2009,11,Groundnut,Oilseed,1.4,-21.8,3961.5,39.62
2009,11,Sugarcane,Commercial,1.4,-21.8,230.9,2.31
2009,12,Rice,Kharif Grain,1.4,-21.8,1468.9,14.69
2009,12,Wheat,Rabi Grain,1.4,-21.8,1360.9,13.61
2009,12,Maize,Coarse Grain,1.4,-21.8,1294.5,12.95
2009,12,Barley,Rabi Grain,1.4,-21.8,1154.9,11.55
2009,12,Tur_Arhar,Pulse,1.4,-21.8,4849.1,48.49
2009,12,Chana_Gram,Pulse,1.4,-21.8,3010.7,30.11
2009,12,Moong,Pulse,1.4,-21.8,4923.1,49.23
2009,12,Urad,Pulse,1.4,-21.8,4582.2,45.82
2009,12,Soybean,Oilseed,1.4,-21.8,3372.9,33.73
2009,12,Mustard,Oilseed,1.4,-21.8,3176.4,31.76
2009,12,Groundnut,Oilseed,1.4,-21.8,3961.5,39.62
2009,12,Sugarcane,Commercial,1.4,-21.8,230.9,2.31
2010,1,Rice,Kharif Grain,-1.2,2.1,1280.0,12.8
2010,1,Wheat,Rabi Grain,-1.2,2.1,1260.0,12.6
2010,1,Maize,Coarse Grain,-1.2,2.1,1100.0,11.0
2010,1,Barley,Rabi Grain,-1.2,2.1,1060.0,10.6
2010,1,Tur_Arhar,Pulse,-1.2,2.1,3750.0,37.5
2010,1,Chana_Gram,Pulse,-1.2,2.1,2700.0,27.0
2010,1,Moong,Pulse,-1.2,2.1,3900.0,39.0
2010,1,Urad,Pulse,-1.2,2.1,3600.0,36.0
2010,1,Soybean,Oilseed,-1.2,2.1,2550.0,25.5
2010,1,Mustard,Oilseed,-1.2,2.1,2900.0,29.0
2010,1,Groundnut,Oilseed,-1.2,2.1,3200.0,32.0
2010,1,Sugarcane,Commercial,-1.2,2.1,205.0,2.05
2010,2,Rice,Kharif Grain,-1.2,2.1,1280.0,12.8
2010,2,Wheat,Rabi Grain,-1.2,2.1,1260.0,12.6
2010,2,Maize,Coarse Grain,-1.2,2.1,1100.0,11.0
2010,2,Barley,Rabi Grain,-1.2,2.1,1060.0,10.6
2010,2,Tur_Arhar,Pulse,-1.2,2.1,3750.0,37.5
2010,2,Chana_Gram,Pulse,-1.2,2.1,2700.0,27.0
2010,2,Moong,Pulse,-1.2,2.1,3900.0,39.0
2010,2,Urad,Pulse,-1.2,2.1,3600.0,36.0
2010,2,Soybean,Oilseed,-1.2,2.1,2550.0,25.5
2010,2,Mustard,Oilseed,-1.2,2.1,2900.0,29.0
2010,2,Groundnut,Oilseed,-1.2,2.1,3200.0,32.0
2010,2,Sugarcane,Commercial,-1.2,2.1,205.0,2.05
2010,3,Rice,Kharif Grain,-1.2,2.1,1280.0,12.8
2010,3,Wheat,Rabi Grain,-1.2,2.1,1260.0,12.6
2010,3,Maize,Coarse Grain,-1.2,2.1,1100.0,11.0
2010,3,Barley,Rabi Grain,-1.2,2.1,1060.0,10.6
2010,3,Tur_Arhar,Pulse,-1.2,2.1,3750.0,37.5
2010,3,Chana_Gram,Pulse,-1.2,2.1,2700.0,27.0
2010,3,Moong,Pulse,-1.2,2.1,3900.0,39.0
2010,3,Urad,Pulse,-1.2,2.1,3600.0,36.0
2010,3,Soybean,Oilseed,-1.2,2.1,2550.0,25.5
2010,3,Mustard,Oilseed,-1.2,2.1,2900.0,29.0
2010,3,Groundnut,Oilseed,-1.2,2.1,3200.0,32.0
2010,3,Sugarcane,Commercial,-1.2,2.1,205.0,2.05
2010,4,Rice,Kharif Grain,-1.2,2.1,1280.0,12.8
2010,4,Wheat,Rabi Grain,-1.2,2.1,1260.0,12.6
2010,4,Maize,Coarse Grain,-1.2,2.1,1100.0,11.0
2010,4,Barley,Rabi Grain,-1.2,2.1,1060.0,10.6
2010,4,Tur_Arhar,Pulse,-1.2,2.1,3750.0,37.5
2010,4,Chana_Gram,Pulse,-1.2,2.1,2700.0,27.0
2010,4,Moong,Pulse,-1.2,2.1,3900.0,39.0
2010,4,Urad,Pulse,-1.2,2.1,3600.0,36.0
2010,4,Soybean,Oilseed,-1.2,2.1,2550.0,25.5
2010,4,Mustard,Oilseed,-1.2,2.1,2900.0,29.0
2010,4,Groundnut,Oilseed,-1.2,2.1,3200.0,32.0
2010,4,Sugarcane,Commercial,-1.2,2.1,205.0,2.05
2010,5,Rice,Kharif Grain,-1.2,2.1,1280.0,12.8
2010,5,Wheat,Rabi Grain,-1.2,2.1,1260.0,12.6
2010,5,Maize,Coarse Grain,-1.2,2.1,1100.0,11.0
2010,5,Barley,Rabi Grain,-1.2,2.1,1060.0,10.6
2010,5,Tur_Arhar,Pulse,-1.2,2.1,3750.0,37.5
2010,5,Chana_Gram,Pulse,-1.2,2.1,2700.0,27.0
2010,5,Moong,Pulse,-1.2,2.1,3900.0,39.0
2010,5,Urad,Pulse,-1.2,2.1,3600.0,36.0
2010,5,Soybean,Oilseed,-1.2,2.1,2550.0,25.5
2010,5,Mustard,Oilseed,-1.2,2.1,2900.0,29.0
2010,5,Groundnut,Oilseed,-1.2,2.1,3200.0,32.0
2010,5,Sugarcane,Commercial,-1.2,2.1,205.0,2.05
2010,6,Rice,Kharif Grain,-1.2,2.1,1280.0,12.8
2010,6,Wheat,Rabi Grain,-1.2,2.1,1260.0,12.6
2010,6,Maize,Coarse Grain,-1.2,2.1,1100.0,11.0
2010,6,Barley,Rabi Grain,-1.2,2.1,1060.0,10.6
2010,6,Tur_Arhar,Pulse,-1.2,2.1,3750.0,37.5
2010,6,Chana_Gram,Pulse,-1.2,2.1,2700.0,27.0
2010,6,Moong,Pulse,-1.2,2.1,3900.0,39.0
2010,6,Urad,Pulse,-1.2,2.1,3600.0,36.0
2010,6,Soybean,Oilseed,-1.2,2.1,2550.0,25.5
2010,6,Mustard,Oilseed,-1.2,2.1,2900.0,29.0
2010,6,Groundnut,Oilseed,-1.2,2.1,3200.0,32.0
2010,6,Sugarcane,Commercial,-1.2,2.1,205.0,2.05
2010,7,Rice,Kharif Grain,-1.2,2.1,1280.0,12.8
2010,7,Wheat,Rabi Grain,-1.2,2.1,1260.0,12.6
2010,7,Maize,Coarse Grain,-1.2,2.1,1100.0,11.0
2010,7,Barley,Rabi Grain,-1.2,2.1,1060.0,10.6
2010,7,Tur_Arhar,Pulse,-1.2,2.1,3750.0,37.5
2010,7,Chana_Gram,Pulse,-1.2,2.1,2700.0,27.0
2010,7,Moong,Pulse,-1.2,2.1,3900.0,39.0
2010,7,Urad,Pulse,-1.2,2.1,3600.0,36.0
2010,7,Soybean,Oilseed,-1.2,2.1,2550.0,25.5
2010,7,Mustard,Oilseed,-1.2,2.1,2900.0,29.0
2010,7,Groundnut,Oilseed,-1.2,2.1,3200.0,32.0
2010,7,Sugarcane,Commercial,-1.2,2.1,205.0,2.05
2010,8,Rice,Kharif Grain,-1.2,2.1,1280.0,12.8
2010,8,Wheat,Rabi Grain,-1.2,2.1,1260.0,12.6
2010,8,Maize,Coarse Grain,-1.2,2.1,1100.0,11.0
2010,8,Barley,Rabi Grain,-1.2,2.1,1060.0,10.6
2010,8,Tur_Arhar,Pulse,-1.2,2.1,3750.0,37.5
2010,8,Chana_Gram,Pulse,-1.2,2.1,2700.0,27.0
2010,8,Moong,Pulse,-1.2,2.1,3900.0,39.0
2010,8,Urad,Pulse,-1.2,2.1,3600.0,36.0
2010,8,Soybean,Oilseed,-1.2,2.1,2550.0,25.5
2010,8,Mustard,Oilseed,-1.2,2.1,2900.0,29.0
2010,8,Groundnut,Oilseed,-1.2,2.1,3200.0,32.0
2010,8,Sugarcane,Commercial,-1.2,2.1,205.0,2.05
2010,9,Rice,Kharif Grain,-1.2,2.1,1280.0,12.8
2010,9,Wheat,Rabi Grain,-1.2,2.1,1260.0,12.6
2010,9,Maize,Coarse Grain,-1.2,2.1,1100.0,11.0
2010,9,Barley,Rabi Grain,-1.2,2.1,1060.0,10.6
2010,9,Tur_Arhar,Pulse,-1.2,2.1,3750.0,37.5
2010,9,Chana_Gram,Pulse,-1.2,2.1,2700.0,27.0
2010,9,Moong,Pulse,-1.2,2.1,3900.0,39.0
2010,9,Urad,Pulse,-1.2,2.1,3600.0,36.0
2010,9,Soybean,Oilseed,-1.2,2.1,2550.0,25.5
2010,9,Mustard,Oilseed,-1.2,2.1,2900.0,29.0
2010,9,Groundnut,Oilseed,-1.2,2.1,3200.0,32.0
2010,9,Sugarcane,Commercial,-1.2,2.1,205.0,2.05
2010,10,Rice,Kharif Grain,-1.2,2.1,1280.0,12.8
2010,10,Wheat,Rabi Grain,-1.2,2.1,1260.0,12.6
2010,10,Maize,Coarse Grain,-1.2,2.1,1100.0,11.0
2010,10,Barley,Rabi Grain,-1.2,2.1,1060.0,10.6
2010,10,Tur_Arhar,Pulse,-1.2,2.1,3750.0,37.5
2010,10,Chana_Gram,Pulse,-1.2,2.1,2700.0,27.0
2010,10,Moong,Pulse,-1.2,2.1,3900.0,39.0
2010,10,Urad,Pulse,-1.2,2.1,3600.0,36.0
2010,10,Soybean,Oilseed,-1.2,2.1,2550.0,25.5
2010,10,Mustard,Oilseed,-1.2,2.1,2900.0,29.0
2010,10,Groundnut,Oilseed,-1.2,2.1,3200.0,32.0
2010,10,Sugarcane,Commercial,-1.2,2.1,205.0,2.05
2010,11,Rice,Kharif Grain,-1.2,2.1,1280.0,12.8
2010,11,Wheat,Rabi Grain,-1.2,2.1,1260.0,12.6
2010,11,Maize,Coarse Grain,-1.2,2.1,1100.0,11.0
2010,11,Barley,Rabi Grain,-1.2,2.1,1060.0,10.6
2010,11,Tur_Arhar,Pulse,-1.2,2.1,3750.0,37.5
2010,11,Chana_Gram,Pulse,-1.2,2.1,2700.0,27.0
2010,11,Moong,Pulse,-1.2,2.1,3900.0,39.0
2010,11,Urad,Pulse,-1.2,2.1,3600.0,36.0
2010,11,Soybean,Oilseed,-1.2,2.1,2550.0,25.5
2010,11,Mustard,Oilseed,-1.2,2.1,2900.0,29.0
2010,11,Groundnut,Oilseed,-1.2,2.1,3200.0,32.0
2010,11,Sugarcane,Commercial,-1.2,2.1,205.0,2.05
2010,12,Rice,Kharif Grain,-1.2,2.1,1280.0,12.8
2010,12,Wheat,Rabi Grain,-1.2,2.1,1260.0,12.6
2010,12,Maize,Coarse Grain,-1.2,2.1,1100.0,11.0
2010,12,Barley,Rabi Grain,-1.2,2.1,1060.0,10.6
2010,12,Tur_Arhar,Pulse,-1.2,2.1,3750.0,37.5
2010,12,Chana_Gram,Pulse,-1.2,2.1,2700.0,27.0
2010,12,Moong,Pulse,-1.2,2.1,3900.0,39.0
2010,12,Urad,Pulse,-1.2,2.1,3600.0,36.0
2010,12,Soybean,Oilseed,-1.2,2.1,2550.0,25.5
2010,12,Mustard,Oilseed,-1.2,2.1,2900.0,29.0
2010,12,Groundnut,Oilseed,-1.2,2.1,3200.0,32.0
2010,12,Sugarcane,Commercial,-1.2,2.1,205.0,2.05
2011,1,Rice,Kharif Grain,-0.7,1.6,1354.0,13.54
2011,1,Wheat,Rabi Grain,-0.7,1.6,1328.0,13.28
2011,1,Maize,Coarse Grain,-0.7,1.6,1165.0,11.65
2011,1,Barley,Rabi Grain,-0.7,1.6,1118.0,11.18
2011,1,Tur_Arhar,Pulse,-0.7,1.6,3990.0,39.9
2011,1,Chana_Gram,Pulse,-0.7,1.6,2860.0,28.6
2011,1,Moong,Pulse,-0.7,1.6,4150.0,41.5
2011,1,Urad,Pulse,-0.7,1.6,3830.0,38.3
2011,1,Soybean,Oilseed,-0.7,1.6,2715.0,27.15
2011,1,Mustard,Oilseed,-0.7,1.6,3070.0,30.7
2011,1,Groundnut,Oilseed,-0.7,1.6,3390.0,33.9
2011,1,Sugarcane,Commercial,-0.7,1.6,217.0,2.17
2011,2,Rice,Kharif Grain,-0.7,1.6,1354.0,13.54
2011,2,Wheat,Rabi Grain,-0.7,1.6,1328.0,13.28
2011,2,Maize,Coarse Grain,-0.7,1.6,1165.0,11.65
2011,2,Barley,Rabi Grain,-0.7,1.6,1118.0,11.18
2011,2,Tur_Arhar,Pulse,-0.7,1.6,3990.0,39.9
2011,2,Chana_Gram,Pulse,-0.7,1.6,2860.0,28.6
2011,2,Moong,Pulse,-0.7,1.6,4150.0,41.5
2011,2,Urad,Pulse,-0.7,1.6,3830.0,38.3
2011,2,Soybean,Oilseed,-0.7,1.6,2715.0,27.15
2011,2,Mustard,Oilseed,-0.7,1.6,3070.0,30.7
2011,2,Groundnut,Oilseed,-0.7,1.6,3390.0,33.9
2011,2,Sugarcane,Commercial,-0.7,1.6,217.0,2.17
2011,3,Rice,Kharif Grain,-0.7,1.6,1354.0,13.54
2011,3,Wheat,Rabi Grain,-0.7,1.6,1328.0,13.28
2011,3,Maize,Coarse Grain,-0.7,1.6,1165.0,11.65
2011,3,Barley,Rabi Grain,-0.7,1.6,1118.0,11.18
2011,3,Tur_Arhar,Pulse,-0.7,1.6,3990.0,39.9
2011,3,Chana_Gram,Pulse,-0.7,1.6,2860.0,28.6
2011,3,Moong,Pulse,-0.7,1.6,4150.0,41.5
2011,3,Urad,Pulse,-0.7,1.6,3830.0,38.3
2011,3,Soybean,Oilseed,-0.7,1.6,2715.0,27.15
2011,3,Mustard,Oilseed,-0.7,1.6,3070.0,30.7
2011,3,Groundnut,Oilseed,-0.7,1.6,3390.0,33.9
2011,3,Sugarcane,Commercial,-0.7,1.6,217.0,2.17
2011,4,Rice,Kharif Grain,-0.7,1.6,1354.0,13.54
2011,4,Wheat,Rabi Grain,-0.7,1.6,1328.0,13.28
2011,4,Maize,Coarse Grain,-0.7,1.6,1165.0,11.65
2011,4,Barley,Rabi Grain,-0.7,1.6,1118.0,11.18
2011,4,Tur_Arhar,Pulse,-0.7,1.6,3990.0,39.9
2011,4,Chana_Gram,Pulse,-0.7,1.6,2860.0,28.6
2011,4,Moong,Pulse,-0.7,1.6,4150.0,41.5
2011,4,Urad,Pulse,-0.7,1.6,3830.0,38.3
2011,4,Soybean,Oilseed,-0.7,1.6,2715.0,27.15
2011,4,Mustard,Oilseed,-0.7,1.6,3070.0,30.7
2011,4,Groundnut,Oilseed,-0.7,1.6,3390.0,33.9
2011,4,Sugarcane,Commercial,-0.7,1.6,217.0,2.17
2011,5,Rice,Kharif Grain,-0.7,1.6,1354.0,13.54
2011,5,Wheat,Rabi Grain,-0.7,1.6,1328.0,13.28
2011,5,Maize,Coarse Grain,-0.7,1.6,1165.0,11.65
2011,5,Barley,Rabi Grain,-0.7,1.6,1118.0,11.18
2011,5,Tur_Arhar,Pulse,-0.7,1.6,3990.0,39.9
2011,5,Chana_Gram,Pulse,-0.7,1.6,2860.0,28.6
2011,5,Moong,Pulse,-0.7,1.6,4150.0,41.5
2011,5,Urad,Pulse,-0.7,1.6,3830.0,38.3
2011,5,Soybean,Oilseed,-0.7,1.6,2715.0,27.15
2011,5,Mustard,Oilseed,-0.7,1.6,3070.0,30.7
2011,5,Groundnut,Oilseed,-0.7,1.6,3390.0,33.9
2011,5,Sugarcane,Commercial,-0.7,1.6,217.0,2.17
2011,6,Rice,Kharif Grain,-0.7,1.6,1354.0,13.54
2011,6,Wheat,Rabi Grain,-0.7,1.6,1328.0,13.28
2011,6,Maize,Coarse Grain,-0.7,1.6,1165.0,11.65
2011,6,Barley,Rabi Grain,-0.7,1.6,1118.0,11.18
2011,6,Tur_Arhar,Pulse,-0.7,1.6,3990.0,39.9
2011,6,Chana_Gram,Pulse,-0.7,1.6,2860.0,28.6
2011,6,Moong,Pulse,-0.7,1.6,4150.0,41.5
2011,6,Urad,Pulse,-0.7,1.6,3830.0,38.3
2011,6,Soybean,Oilseed,-0.7,1.6,2715.0,27.15
2011,6,Mustard,Oilseed,-0.7,1.6,3070.0,30.7
2011,6,Groundnut,Oilseed,-0.7,1.6,3390.0,33.9
2011,6,Sugarcane,Commercial,-0.7,1.6,217.0,2.17
2011,7,Rice,Kharif Grain,-0.7,1.6,1354.0,13.54
2011,7,Wheat,Rabi Grain,-0.7,1.6,1328.0,13.28
2011,7,Maize,Coarse Grain,-0.7,1.6,1165.0,11.65
2011,7,Barley,Rabi Grain,-0.7,1.6,1118.0,11.18
2011,7,Tur_Arhar,Pulse,-0.7,1.6,3990.0,39.9
2011,7,Chana_Gram,Pulse,-0.7,1.6,2860.0,28.6
2011,7,Moong,Pulse,-0.7,1.6,4150.0,41.5
2011,7,Urad,Pulse,-0.7,1.6,3830.0,38.3
2011,7,Soybean,Oilseed,-0.7,1.6,2715.0,27.15
2011,7,Mustard,Oilseed,-0.7,1.6,3070.0,30.7
2011,7,Groundnut,Oilseed,-0.7,1.6,3390.0,33.9
2011,7,Sugarcane,Commercial,-0.7,1.6,217.0,2.17
2011,8,Rice,Kharif Grain,-0.7,1.6,1354.0,13.54
2011,8,Wheat,Rabi Grain,-0.7,1.6,1328.0,13.28
2011,8,Maize,Coarse Grain,-0.7,1.6,1165.0,11.65
2011,8,Barley,Rabi Grain,-0.7,1.6,1118.0,11.18
2011,8,Tur_Arhar,Pulse,-0.7,1.6,3990.0,39.9
2011,8,Chana_Gram,Pulse,-0.7,1.6,2860.0,28.6
2011,8,Moong,Pulse,-0.7,1.6,4150.0,41.5
2011,8,Urad,Pulse,-0.7,1.6,3830.0,38.3
2011,8,Soybean,Oilseed,-0.7,1.6,2715.0,27.15
2011,8,Mustard,Oilseed,-0.7,1.6,3070.0,30.7
2011,8,Groundnut,Oilseed,-0.7,1.6,3390.0,33.9
2011,8,Sugarcane,Commercial,-0.7,1.6,217.0,2.17
2011,9,Rice,Kharif Grain,-0.7,1.6,1354.0,13.54
2011,9,Wheat,Rabi Grain,-0.7,1.6,1328.0,13.28
2011,9,Maize,Coarse Grain,-0.7,1.6,1165.0,11.65
2011,9,Barley,Rabi Grain,-0.7,1.6,1118.0,11.18
2011,9,Tur_Arhar,Pulse,-0.7,1.6,3990.0,39.9
2011,9,Chana_Gram,Pulse,-0.7,1.6,2860.0,28.6
2011,9,Moong,Pulse,-0.7,1.6,4150.0,41.5
2011,9,Urad,Pulse,-0.7,1.6,3830.0,38.3
2011,9,Soybean,Oilseed,-0.7,1.6,2715.0,27.15
2011,9,Mustard,Oilseed,-0.7,1.6,3070.0,30.7
2011,9,Groundnut,Oilseed,-0.7,1.6,3390.0,33.9
2011,9,Sugarcane,Commercial,-0.7,1.6,217.0,2.17
2011,10,Rice,Kharif Grain,-0.7,1.6,1354.0,13.54
2011,10,Wheat,Rabi Grain,-0.7,1.6,1328.0,13.28
2011,10,Maize,Coarse Grain,-0.7,1.6,1165.0,11.65
2011,10,Barley,Rabi Grain,-0.7,1.6,1118.0,11.18
2011,10,Tur_Arhar,Pulse,-0.7,1.6,3990.0,39.9
2011,10,Chana_Gram,Pulse,-0.7,1.6,2860.0,28.6
2011,10,Moong,Pulse,-0.7,1.6,4150.0,41.5
2011,10,Urad,Pulse,-0.7,1.6,3830.0,38.3
2011,10,Soybean,Oilseed,-0.7,1.6,2715.0,27.15
2011,10,Mustard,Oilseed,-0.7,1.6,3070.0,30.7
2011,10,Groundnut,Oilseed,-0.7,1.6,3390.0,33.9
2011,10,Sugarcane,Commercial,-0.7,1.6,217.0,2.17
2011,11,Rice,Kharif Grain,-0.7,1.6,1354.0,13.54
2011,11,Wheat,Rabi Grain,-0.7,1.6,1328.0,13.28
2011,11,Maize,Coarse Grain,-0.7,1.6,1165.0,11.65
2011,11,Barley,Rabi Grain,-0.7,1.6,1118.0,11.18
2011,11,Tur_Arhar,Pulse,-0.7,1.6,3990.0,39.9
2011,11,Chana_Gram,Pulse,-0.7,1.6,2860.0,28.6
2011,11,Moong,Pulse,-0.7,1.6,4150.0,41.5
2011,11,Urad,Pulse,-0.7,1.6,3830.0,38.3
2011,11,Soybean,Oilseed,-0.7,1.6,2715.0,27.15
2011,11,Mustard,Oilseed,-0.7,1.6,3070.0,30.7
2011,11,Groundnut,Oilseed,-0.7,1.6,3390.0,33.9
2011,11,Sugarcane,Commercial,-0.7,1.6,217.0,2.17
2011,12,Rice,Kharif Grain,-0.7,1.6,1354.0,13.54
2011,12,Wheat,Rabi Grain,-0.7,1.6,1328.0,13.28
2011,12,Maize,Coarse Grain,-0.7,1.6,1165.0,11.65
2011,12,Barley,Rabi Grain,-0.7,1.6,1118.0,11.18
2011,12,Tur_Arhar,Pulse,-0.7,1.6,3990.0,39.9
2011,12,Chana_Gram,Pulse,-0.7,1.6,2860.0,28.6
2011,12,Moong,Pulse,-0.7,1.6,4150.0,41.5
2011,12,Urad,Pulse,-0.7,1.6,3830.0,38.3
2011,12,Soybean,Oilseed,-0.7,1.6,2715.0,27.15
2011,12,Mustard,Oilseed,-0.7,1.6,3070.0,30.7
2011,12,Groundnut,Oilseed,-0.7,1.6,3390.0,33.9
2011,12,Sugarcane,Commercial,-0.7,1.6,217.0,2.17
2012,1,Rice,Kharif Grain,0.4,-7.1,1428.0,14.28
2012,1,Wheat,Rabi Grain,0.4,-7.1,1396.0,13.96
2012,1,Maize,Coarse Grain,0.4,-7.1,1230.0,12.3
2012,1,Barley,Rabi Grain,0.4,-7.1,1176.0,11.76
2012,1,Tur_Arhar,Pulse,0.4,-7.1,4230.0,42.3
2012,1,Chana_Gram,Pulse,0.4,-7.1,3020.0,30.2
2012,1,Moong,Pulse,0.4,-7.1,4400.0,44.0
2012,1,Urad,Pulse,0.4,-7.1,4060.0,40.6
2012,1,Soybean,Oilseed,0.4,-7.1,2880.0,28.8
2012,1,Mustard,Oilseed,0.4,-7.1,3240.0,32.4
2012,1,Groundnut,Oilseed,0.4,-7.1,3580.0,35.8
2012,1,Sugarcane,Commercial,0.4,-7.1,229.0,2.29
2012,2,Rice,Kharif Grain,0.4,-7.1,1428.0,14.28
2012,2,Wheat,Rabi Grain,0.4,-7.1,1396.0,13.96
2012,2,Maize,Coarse Grain,0.4,-7.1,1230.0,12.3
2012,2,Barley,Rabi Grain,0.4,-7.1,1176.0,11.76
2012,2,Tur_Arhar,Pulse,0.4,-7.1,4230.0,42.3
2012,2,Chana_Gram,Pulse,0.4,-7.1,3020.0,30.2
2012,2,Moong,Pulse,0.4,-7.1,4400.0,44.0
2012,2,Urad,Pulse,0.4,-7.1,4060.0,40.6
2012,2,Soybean,Oilseed,0.4,-7.1,2880.0,28.8
2012,2,Mustard,Oilseed,0.4,-7.1,3240.0,32.4
2012,2,Groundnut,Oilseed,0.4,-7.1,3580.0,35.8
2012,2,Sugarcane,Commercial,0.4,-7.1,229.0,2.29
2012,3,Rice,Kharif Grain,0.4,-7.1,1428.0,14.28
2012,3,Wheat,Rabi Grain,0.4,-7.1,1396.0,13.96
2012,3,Maize,Coarse Grain,0.4,-7.1,1230.0,12.3
2012,3,Barley,Rabi Grain,0.4,-7.1,1176.0,11.76
2012,3,Tur_Arhar,Pulse,0.4,-7.1,4230.0,42.3
2012,3,Chana_Gram,Pulse,0.4,-7.1,3020.0,30.2
2012,3,Moong,Pulse,0.4,-7.1,4400.0,44.0
2012,3,Urad,Pulse,0.4,-7.1,4060.0,40.6
2012,3,Soybean,Oilseed,0.4,-7.1,2880.0,28.8
2012,3,Mustard,Oilseed,0.4,-7.1,3240.0,32.4
2012,3,Groundnut,Oilseed,0.4,-7.1,3580.0,35.8
2012,3,Sugarcane,Commercial,0.4,-7.1,229.0,2.29
2012,4,Rice,Kharif Grain,0.4,-7.1,1428.0,14.28
2012,4,Wheat,Rabi Grain,0.4,-7.1,1396.0,13.96
2012,4,Maize,Coarse Grain,0.4,-7.1,1230.0,12.3
2012,4,Barley,Rabi Grain,0.4,-7.1,1176.0,11.76
2012,4,Tur_Arhar,Pulse,0.4,-7.1,4230.0,42.3
2012,4,Chana_Gram,Pulse,0.4,-7.1,3020.0,30.2
2012,4,Moong,Pulse,0.4,-7.1,4400.0,44.0
2012,4,Urad,Pulse,0.4,-7.1,4060.0,40.6
2012,4,Soybean,Oilseed,0.4,-7.1,2880.0,28.8
2012,4,Mustard,Oilseed,0.4,-7.1,3240.0,32.4
2012,4,Groundnut,Oilseed,0.4,-7.1,3580.0,35.8
2012,4,Sugarcane,Commercial,0.4,-7.1,229.0,2.29
2012,5,Rice,Kharif Grain,0.4,-7.1,1428.0,14.28
2012,5,Wheat,Rabi Grain,0.4,-7.1,1396.0,13.96
2012,5,Maize,Coarse Grain,0.4,-7.1,1230.0,12.3
2012,5,Barley,Rabi Grain,0.4,-7.1,1176.0,11.76
2012,5,Tur_Arhar,Pulse,0.4,-7.1,4230.0,42.3
2012,5,Chana_Gram,Pulse,0.4,-7.1,3020.0,30.2
2012,5,Moong,Pulse,0.4,-7.1,4400.0,44.0
2012,5,Urad,Pulse,0.4,-7.1,4060.0,40.6
2012,5,Soybean,Oilseed,0.4,-7.1,2880.0,28.8
2012,5,Mustard,Oilseed,0.4,-7.1,3240.0,32.4
2012,5,Groundnut,Oilseed,0.4,-7.1,3580.0,35.8
2012,5,Sugarcane,Commercial,0.4,-7.1,229.0,2.29
2012,6,Rice,Kharif Grain,0.4,-7.1,1428.0,14.28
2012,6,Wheat,Rabi Grain,0.4,-7.1,1396.0,13.96
2012,6,Maize,Coarse Grain,0.4,-7.1,1230.0,12.3
2012,6,Barley,Rabi Grain,0.4,-7.1,1176.0,11.76
2012,6,Tur_Arhar,Pulse,0.4,-7.1,4230.0,42.3
2012,6,Chana_Gram,Pulse,0.4,-7.1,3020.0,30.2
2012,6,Moong,Pulse,0.4,-7.1,4400.0,44.0
2012,6,Urad,Pulse,0.4,-7.1,4060.0,40.6
2012,6,Soybean,Oilseed,0.4,-7.1,2880.0,28.8
2012,6,Mustard,Oilseed,0.4,-7.1,3240.0,32.4
2012,6,Groundnut,Oilseed,0.4,-7.1,3580.0,35.8
2012,6,Sugarcane,Commercial,0.4,-7.1,229.0,2.29
2012,7,Rice,Kharif Grain,0.4,-7.1,1428.0,14.28
2012,7,Wheat,Rabi Grain,0.4,-7.1,1396.0,13.96
2012,7,Maize,Coarse Grain,0.4,-7.1,1230.0,12.3
2012,7,Barley,Rabi Grain,0.4,-7.1,1176.0,11.76
2012,7,Tur_Arhar,Pulse,0.4,-7.1,4230.0,42.3
2012,7,Chana_Gram,Pulse,0.4,-7.1,3020.0,30.2
2012,7,Moong,Pulse,0.4,-7.1,4400.0,44.0
2012,7,Urad,Pulse,0.4,-7.1,4060.0,40.6
2012,7,Soybean,Oilseed,0.4,-7.1,2880.0,28.8
2012,7,Mustard,Oilseed,0.4,-7.1,3240.0,32.4
2012,7,Groundnut,Oilseed,0.4,-7.1,3580.0,35.8
2012,7,Sugarcane,Commercial,0.4,-7.1,229.0,2.29
2012,8,Rice,Kharif Grain,0.4,-7.1,1428.0,14.28
2012,8,Wheat,Rabi Grain,0.4,-7.1,1396.0,13.96
2012,8,Maize,Coarse Grain,0.4,-7.1,1230.0,12.3
2012,8,Barley,Rabi Grain,0.4,-7.1,1176.0,11.76
2012,8,Tur_Arhar,Pulse,0.4,-7.1,4230.0,42.3
2012,8,Chana_Gram,Pulse,0.4,-7.1,3020.0,30.2
2012,8,Moong,Pulse,0.4,-7.1,4400.0,44.0
2012,8,Urad,Pulse,0.4,-7.1,4060.0,40.6
2012,8,Soybean,Oilseed,0.4,-7.1,2880.0,28.8
2012,8,Mustard,Oilseed,0.4,-7.1,3240.0,32.4
2012,8,Groundnut,Oilseed,0.4,-7.1,3580.0,35.8
2012,8,Sugarcane,Commercial,0.4,-7.1,229.0,2.29
2012,9,Rice,Kharif Grain,0.4,-7.1,1428.0,14.28
2012,9,Wheat,Rabi Grain,0.4,-7.1,1396.0,13.96
2012,9,Maize,Coarse Grain,0.4,-7.1,1230.0,12.3
2012,9,Barley,Rabi Grain,0.4,-7.1,1176.0,11.76
2012,9,Tur_Arhar,Pulse,0.4,-7.1,4230.0,42.3
2012,9,Chana_Gram,Pulse,0.4,-7.1,3020.0,30.2
2012,9,Moong,Pulse,0.4,-7.1,4400.0,44.0
2012,9,Urad,Pulse,0.4,-7.1,4060.0,40.6
2012,9,Soybean,Oilseed,0.4,-7.1,2880.0,28.8
2012,9,Mustard,Oilseed,0.4,-7.1,3240.0,32.4
2012,9,Groundnut,Oilseed,0.4,-7.1,3580.0,35.8
2012,9,Sugarcane,Commercial,0.4,-7.1,229.0,2.29
2012,10,Rice,Kharif Grain,0.4,-7.1,1428.0,14.28
2012,10,Wheat,Rabi Grain,0.4,-7.1,1396.0,13.96
2012,10,Maize,Coarse Grain,0.4,-7.1,1230.0,12.3
2012,10,Barley,Rabi Grain,0.4,-7.1,1176.0,11.76
2012,10,Tur_Arhar,Pulse,0.4,-7.1,4230.0,42.3
2012,10,Chana_Gram,Pulse,0.4,-7.1,3020.0,30.2
2012,10,Moong,Pulse,0.4,-7.1,4400.0,44.0
2012,10,Urad,Pulse,0.4,-7.1,4060.0,40.6
2012,10,Soybean,Oilseed,0.4,-7.1,2880.0,28.8
2012,10,Mustard,Oilseed,0.4,-7.1,3240.0,32.4
2012,10,Groundnut,Oilseed,0.4,-7.1,3580.0,35.8
2012,10,Sugarcane,Commercial,0.4,-7.1,229.0,2.29
2012,11,Rice,Kharif Grain,0.4,-7.1,1428.0,14.28
2012,11,Wheat,Rabi Grain,0.4,-7.1,1396.0,13.96
2012,11,Maize,Coarse Grain,0.4,-7.1,1230.0,12.3
2012,11,Barley,Rabi Grain,0.4,-7.1,1176.0,11.76
2012,11,Tur_Arhar,Pulse,0.4,-7.1,4230.0,42.3
2012,11,Chana_Gram,Pulse,0.4,-7.1,3020.0,30.2
2012,11,Moong,Pulse,0.4,-7.1,4400.0,44.0
2012,11,Urad,Pulse,0.4,-7.1,4060.0,40.6
2012,11,Soybean,Oilseed,0.4,-7.1,2880.0,28.8
2012,11,Mustard,Oilseed,0.4,-7.1,3240.0,32.4
2012,11,Groundnut,Oilseed,0.4,-7.1,3580.0,35.8
2012,11,Sugarcane,Commercial,0.4,-7.1,229.0,2.29
2012,12,Rice,Kharif Grain,0.4,-7.1,1428.0,14.28
2012,12,Wheat,Rabi Grain,0.4,-7.1,1396.0,13.96
2012,12,Maize,Coarse Grain,0.4,-7.1,1230.0,12.3
2012,12,Barley,Rabi Grain,0.4,-7.1,1176.0,11.76
2012,12,Tur_Arhar,Pulse,0.4,-7.1,4230.0,42.3
2012,12,Chana_Gram,Pulse,0.4,-7.1,3020.0,30.2
2012,12,Moong,Pulse,0.4,-7.1,4400.0,44.0
2012,12,Urad,Pulse,0.4,-7.1,4060.0,40.6
2012,12,Soybean,Oilseed,0.4,-7.1,2880.0,28.8
2012,12,Mustard,Oilseed,0.4,-7.1,3240.0,32.4
2012,12,Groundnut,Oilseed,0.4,-7.1,3580.0,35.8
2012,12,Sugarcane,Commercial,0.4,-7.1,229.0,2.29
2013,1,Rice,Kharif Grain,-0.3,5.6,1502.0,15.02
2013,1,Wheat,Rabi Grain,-0.3,5.6,1464.0,14.64
2013,1,Maize,Coarse Grain,-0.3,5.6,1295.0,12.95
2013,1,Barley,Rabi Grain,-0.3,5.6,1234.0,12.34
2013,1,Tur_Arhar,Pulse,-0.3,5.6,4470.0,44.7
2013,1,Chana_Gram,Pulse,-0.3,5.6,3180.0,31.8
2013,1,Moong,Pulse,-0.3,5.6,4650.0,46.5
2013,1,Urad,Pulse,-0.3,5.6,4290.0,42.9
2013,1,Soybean,Oilseed,-0.3,5.6,3045.0,30.45
2013,1,Mustard,Oilseed,-0.3,5.6,3410.0,34.1
2013,1,Groundnut,Oilseed,-0.3,5.6,3770.0,37.7
2013,1,Sugarcane,Commercial,-0.3,5.6,241.0,2.41
2013,2,Rice,Kharif Grain,-0.3,5.6,1502.0,15.02
2013,2,Wheat,Rabi Grain,-0.3,5.6,1464.0,14.64
2013,2,Maize,Coarse Grain,-0.3,5.6,1295.0,12.95
2013,2,Barley,Rabi Grain,-0.3,5.6,1234.0,12.34
2013,2,Tur_Arhar,Pulse,-0.3,5.6,4470.0,44.7
2013,2,Chana_Gram,Pulse,-0.3,5.6,3180.0,31.8
2013,2,Moong,Pulse,-0.3,5.6,4650.0,46.5
2013,2,Urad,Pulse,-0.3,5.6,4290.0,42.9
2013,2,Soybean,Oilseed,-0.3,5.6,3045.0,30.45
2013,2,Mustard,Oilseed,-0.3,5.6,3410.0,34.1
2013,2,Groundnut,Oilseed,-0.3,5.6,3770.0,37.7
2013,2,Sugarcane,Commercial,-0.3,5.6,241.0,2.41
2013,3,Rice,Kharif Grain,-0.3,5.6,1502.0,15.02
2013,3,Wheat,Rabi Grain,-0.3,5.6,1464.0,14.64
2013,3,Maize,Coarse Grain,-0.3,5.6,1295.0,12.95
2013,3,Barley,Rabi Grain,-0.3,5.6,1234.0,12.34
2013,3,Tur_Arhar,Pulse,-0.3,5.6,4470.0,44.7
2013,3,Chana_Gram,Pulse,-0.3,5.6,3180.0,31.8
2013,3,Moong,Pulse,-0.3,5.6,4650.0,46.5
2013,3,Urad,Pulse,-0.3,5.6,4290.0,42.9
2013,3,Soybean,Oilseed,-0.3,5.6,3045.0,30.45
2013,3,Mustard,Oilseed,-0.3,5.6,3410.0,34.1
2013,3,Groundnut,Oilseed,-0.3,5.6,3770.0,37.7
2013,3,Sugarcane,Commercial,-0.3,5.6,241.0,2.41
2013,4,Rice,Kharif Grain,-0.3,5.6,1502.0,15.02
2013,4,Wheat,Rabi Grain,-0.3,5.6,1464.0,14.64
2013,4,Maize,Coarse Grain,-0.3,5.6,1295.0,12.95
2013,4,Barley,Rabi Grain,-0.3,5.6,1234.0,12.34
2013,4,Tur_Arhar,Pulse,-0.3,5.6,4470.0,44.7
2013,4,Chana_Gram,Pulse,-0.3,5.6,3180.0,31.8
2013,4,Moong,Pulse,-0.3,5.6,4650.0,46.5
2013,4,Urad,Pulse,-0.3,5.6,4290.0,42.9
2013,4,Soybean,Oilseed,-0.3,5.6,3045.0,30.45
2013,4,Mustard,Oilseed,-0.3,5.6,3410.0,34.1
2013,4,Groundnut,Oilseed,-0.3,5.6,3770.0,37.7
2013,4,Sugarcane,Commercial,-0.3,5.6,241.0,2.41
2013,5,Rice,Kharif Grain,-0.3,5.6,1502.0,15.02
2013,5,Wheat,Rabi Grain,-0.3,5.6,1464.0,14.64
2013,5,Maize,Coarse Grain,-0.3,5.6,1295.0,12.95
2013,5,Barley,Rabi Grain,-0.3,5.6,1234.0,12.34
2013,5,Tur_Arhar,Pulse,-0.3,5.6,4470.0,44.7
2013,5,Chana_Gram,Pulse,-0.3,5.6,3180.0,31.8
2013,5,Moong,Pulse,-0.3,5.6,4650.0,46.5
2013,5,Urad,Pulse,-0.3,5.6,4290.0,42.9
2013,5,Soybean,Oilseed,-0.3,5.6,3045.0,30.45
2013,5,Mustard,Oilseed,-0.3,5.6,3410.0,34.1
2013,5,Groundnut,Oilseed,-0.3,5.6,3770.0,37.7
2013,5,Sugarcane,Commercial,-0.3,5.6,241.0,2.41
2013,6,Rice,Kharif Grain,-0.3,5.6,1502.0,15.02
2013,6,Wheat,Rabi Grain,-0.3,5.6,1464.0,14.64
2013,6,Maize,Coarse Grain,-0.3,5.6,1295.0,12.95
2013,6,Barley,Rabi Grain,-0.3,5.6,1234.0,12.34
2013,6,Tur_Arhar,Pulse,-0.3,5.6,4470.0,44.7
2013,6,Chana_Gram,Pulse,-0.3,5.6,3180.0,31.8
2013,6,Moong,Pulse,-0.3,5.6,4650.0,46.5
2013,6,Urad,Pulse,-0.3,5.6,4290.0,42.9
2013,6,Soybean,Oilseed,-0.3,5.6,3045.0,30.45
2013,6,Mustard,Oilseed,-0.3,5.6,3410.0,34.1
2013,6,Groundnut,Oilseed,-0.3,5.6,3770.0,37.7
2013,6,Sugarcane,Commercial,-0.3,5.6,241.0,2.41
2013,7,Rice,Kharif Grain,-0.3,5.6,1502.0,15.02
2013,7,Wheat,Rabi Grain,-0.3,5.6,1464.0,14.64
2013,7,Maize,Coarse Grain,-0.3,5.6,1295.0,12.95
2013,7,Barley,Rabi Grain,-0.3,5.6,1234.0,12.34
2013,7,Tur_Arhar,Pulse,-0.3,5.6,4470.0,44.7
2013,7,Chana_Gram,Pulse,-0.3,5.6,3180.0,31.8
2013,7,Moong,Pulse,-0.3,5.6,4650.0,46.5
2013,7,Urad,Pulse,-0.3,5.6,4290.0,42.9
2013,7,Soybean,Oilseed,-0.3,5.6,3045.0,30.45
2013,7,Mustard,Oilseed,-0.3,5.6,3410.0,34.1
2013,7,Groundnut,Oilseed,-0.3,5.6,3770.0,37.7
2013,7,Sugarcane,Commercial,-0.3,5.6,241.0,2.41
2013,8,Rice,Kharif Grain,-0.3,5.6,1502.0,15.02
2013,8,Wheat,Rabi Grain,-0.3,5.6,1464.0,14.64
2013,8,Maize,Coarse Grain,-0.3,5.6,1295.0,12.95
2013,8,Barley,Rabi Grain,-0.3,5.6,1234.0,12.34
2013,8,Tur_Arhar,Pulse,-0.3,5.6,4470.0,44.7
2013,8,Chana_Gram,Pulse,-0.3,5.6,3180.0,31.8
2013,8,Moong,Pulse,-0.3,5.6,4650.0,46.5
2013,8,Urad,Pulse,-0.3,5.6,4290.0,42.9
2013,8,Soybean,Oilseed,-0.3,5.6,3045.0,30.45
2013,8,Mustard,Oilseed,-0.3,5.6,3410.0,34.1
2013,8,Groundnut,Oilseed,-0.3,5.6,3770.0,37.7
2013,8,Sugarcane,Commercial,-0.3,5.6,241.0,2.41
2013,9,Rice,Kharif Grain,-0.3,5.6,1502.0,15.02
2013,9,Wheat,Rabi Grain,-0.3,5.6,1464.0,14.64
2013,9,Maize,Coarse Grain,-0.3,5.6,1295.0,12.95
2013,9,Barley,Rabi Grain,-0.3,5.6,1234.0,12.34
2013,9,Tur_Arhar,Pulse,-0.3,5.6,4470.0,44.7
2013,9,Chana_Gram,Pulse,-0.3,5.6,3180.0,31.8
2013,9,Moong,Pulse,-0.3,5.6,4650.0,46.5
2013,9,Urad,Pulse,-0.3,5.6,4290.0,42.9
2013,9,Soybean,Oilseed,-0.3,5.6,3045.0,30.45
2013,9,Mustard,Oilseed,-0.3,5.6,3410.0,34.1
2013,9,Groundnut,Oilseed,-0.3,5.6,3770.0,37.7
2013,9,Sugarcane,Commercial,-0.3,5.6,241.0,2.41
2013,10,Rice,Kharif Grain,-0.3,5.6,1502.0,15.02
2013,10,Wheat,Rabi Grain,-0.3,5.6,1464.0,14.64
2013,10,Maize,Coarse Grain,-0.3,5.6,1295.0,12.95
2013,10,Barley,Rabi Grain,-0.3,5.6,1234.0,12.34
2013,10,Tur_Arhar,Pulse,-0.3,5.6,4470.0,44.7
2013,10,Chana_Gram,Pulse,-0.3,5.6,3180.0,31.8
2013,10,Moong,Pulse,-0.3,5.6,4650.0,46.5
2013,10,Urad,Pulse,-0.3,5.6,4290.0,42.9
2013,10,Soybean,Oilseed,-0.3,5.6,3045.0,30.45
2013,10,Mustard,Oilseed,-0.3,5.6,3410.0,34.1
2013,10,Groundnut,Oilseed,-0.3,5.6,3770.0,37.7
2013,10,Sugarcane,Commercial,-0.3,5.6,241.0,2.41
2013,11,Rice,Kharif Grain,-0.3,5.6,1502.0,15.02
2013,11,Wheat,Rabi Grain,-0.3,5.6,1464.0,14.64
2013,11,Maize,Coarse Grain,-0.3,5.6,1295.0,12.95
2013,11,Barley,Rabi Grain,-0.3,5.6,1234.0,12.34
2013,11,Tur_Arhar,Pulse,-0.3,5.6,4470.0,44.7
2013,11,Chana_Gram,Pulse,-0.3,5.6,3180.0,31.8
2013,11,Moong,Pulse,-0.3,5.6,4650.0,46.5
2013,11,Urad,Pulse,-0.3,5.6,4290.0,42.9
2013,11,Soybean,Oilseed,-0.3,5.6,3045.0,30.45
2013,11,Mustard,Oilseed,-0.3,5.6,3410.0,34.1
2013,11,Groundnut,Oilseed,-0.3,5.6,3770.0,37.7
2013,11,Sugarcane,Commercial,-0.3,5.6,241.0,2.41
2013,12,Rice,Kharif Grain,-0.3,5.6,1502.0,15.02
2013,12,Wheat,Rabi Grain,-0.3,5.6,1464.0,14.64
2013,12,Maize,Coarse Grain,-0.3,5.6,1295.0,12.95
2013,12,Barley,Rabi Grain,-0.3,5.6,1234.0,12.34
2013,12,Tur_Arhar,Pulse,-0.3,5.6,4470.0,44.7
2013,12,Chana_Gram,Pulse,-0.3,5.6,3180.0,31.8
2013,12,Moong,Pulse,-0.3,5.6,4650.0,46.5
2013,12,Urad,Pulse,-0.3,5.6,4290.0,42.9
2013,12,Soybean,Oilseed,-0.3,5.6,3045.0,30.45
2013,12,Mustard,Oilseed,-0.3,5.6,3410.0,34.1
2013,12,Groundnut,Oilseed,-0.3,5.6,3770.0,37.7
2013,12,Sugarcane,Commercial,-0.3,5.6,241.0,2.41
2014,1,Rice,Kharif Grain,0.6,-11.9,1763.5,17.64
2014,1,Wheat,Rabi Grain,0.6,-11.9,1650.5,16.5
2014,1,Maize,Coarse Grain,0.6,-11.9,1546.1,15.46
2014,1,Barley,Rabi Grain,0.6,-11.9,1399.6,14.0
2014,1,Tur_Arhar,Pulse,0.6,-11.9,5690.9,56.91
2014,1,Chana_Gram,Pulse,0.6,-11.9,3677.8,36.78
2014,1,Moong,Pulse,0.6,-11.9,5833.0,58.33
2014,1,Urad,Pulse,0.6,-11.9,5407.5,54.08
2014,1,Soybean,Oilseed,0.6,-11.9,3935.8,39.36
2014,1,Mustard,Oilseed,0.6,-11.9,3899.5,38.99
2014,1,Groundnut,Oilseed,0.6,-11.9,4643.3,46.43
2014,1,Sugarcane,Commercial,0.6,-11.9,280.1,2.8
2014,2,Rice,Kharif Grain,0.6,-11.9,1763.5,17.64
2014,2,Wheat,Rabi Grain,0.6,-11.9,1650.5,16.5
2014,2,Maize,Coarse Grain,0.6,-11.9,1546.1,15.46
2014,2,Barley,Rabi Grain,0.6,-11.9,1399.6,14.0
2014,2,Tur_Arhar,Pulse,0.6,-11.9,5690.9,56.91
2014,2,Chana_Gram,Pulse,0.6,-11.9,3677.8,36.78
2014,2,Moong,Pulse,0.6,-11.9,5833.0,58.33
2014,2,Urad,Pulse,0.6,-11.9,5407.5,54.08
2014,2,Soybean,Oilseed,0.6,-11.9,3935.8,39.36
2014,2,Mustard,Oilseed,0.6,-11.9,3899.5,38.99
2014,2,Groundnut,Oilseed,0.6,-11.9,4643.3,46.43
2014,2,Sugarcane,Commercial,0.6,-11.9,280.1,2.8
2014,3,Rice,Kharif Grain,0.6,-11.9,1763.5,17.64
2014,3,Wheat,Rabi Grain,0.6,-11.9,1650.5,16.5
2014,3,Maize,Coarse Grain,0.6,-11.9,1546.1,15.46
2014,3,Barley,Rabi Grain,0.6,-11.9,1399.6,14.0
2014,3,Tur_Arhar,Pulse,0.6,-11.9,5690.9,56.91
2014,3,Chana_Gram,Pulse,0.6,-11.9,3677.8,36.78
2014,3,Moong,Pulse,0.6,-11.9,5833.0,58.33
2014,3,Urad,Pulse,0.6,-11.9,5407.5,54.08
2014,3,Soybean,Oilseed,0.6,-11.9,3935.8,39.36
2014,3,Mustard,Oilseed,0.6,-11.9,3899.5,38.99
2014,3,Groundnut,Oilseed,0.6,-11.9,4643.3,46.43
2014,3,Sugarcane,Commercial,0.6,-11.9,280.1,2.8
2014,4,Rice,Kharif Grain,0.6,-11.9,1763.5,17.64
2014,4,Wheat,Rabi Grain,0.6,-11.9,1650.5,16.5
2014,4,Maize,Coarse Grain,0.6,-11.9,1546.1,15.46
2014,4,Barley,Rabi Grain,0.6,-11.9,1399.6,14.0
2014,4,Tur_Arhar,Pulse,0.6,-11.9,5690.9,56.91
2014,4,Chana_Gram,Pulse,0.6,-11.9,3677.8,36.78
2014,4,Moong,Pulse,0.6,-11.9,5833.0,58.33
2014,4,Urad,Pulse,0.6,-11.9,5407.5,54.08
2014,4,Soybean,Oilseed,0.6,-11.9,3935.8,39.36
2014,4,Mustard,Oilseed,0.6,-11.9,3899.5,38.99
2014,4,Groundnut,Oilseed,0.6,-11.9,4643.3,46.43
2014,4,Sugarcane,Commercial,0.6,-11.9,280.1,2.8
2014,5,Rice,Kharif Grain,0.6,-11.9,1763.5,17.64
2014,5,Wheat,Rabi Grain,0.6,-11.9,1650.5,16.5
2014,5,Maize,Coarse Grain,0.6,-11.9,1546.1,15.46
2014,5,Barley,Rabi Grain,0.6,-11.9,1399.6,14.0
2014,5,Tur_Arhar,Pulse,0.6,-11.9,5690.9,56.91
2014,5,Chana_Gram,Pulse,0.6,-11.9,3677.8,36.78
2014,5,Moong,Pulse,0.6,-11.9,5833.0,58.33
2014,5,Urad,Pulse,0.6,-11.9,5407.5,54.08
2014,5,Soybean,Oilseed,0.6,-11.9,3935.8,39.36
2014,5,Mustard,Oilseed,0.6,-11.9,3899.5,38.99
2014,5,Groundnut,Oilseed,0.6,-11.9,4643.3,46.43
2014,5,Sugarcane,Commercial,0.6,-11.9,280.1,2.8
2014,6,Rice,Kharif Grain,0.6,-11.9,1763.5,17.64
2014,6,Wheat,Rabi Grain,0.6,-11.9,1650.5,16.5
2014,6,Maize,Coarse Grain,0.6,-11.9,1546.1,15.46
2014,6,Barley,Rabi Grain,0.6,-11.9,1399.6,14.0
2014,6,Tur_Arhar,Pulse,0.6,-11.9,5690.9,56.91
2014,6,Chana_Gram,Pulse,0.6,-11.9,3677.8,36.78
2014,6,Moong,Pulse,0.6,-11.9,5833.0,58.33
2014,6,Urad,Pulse,0.6,-11.9,5407.5,54.08
2014,6,Soybean,Oilseed,0.6,-11.9,3935.8,39.36
2014,6,Mustard,Oilseed,0.6,-11.9,3899.5,38.99
2014,6,Groundnut,Oilseed,0.6,-11.9,4643.3,46.43
2014,6,Sugarcane,Commercial,0.6,-11.9,280.1,2.8
2014,7,Rice,Kharif Grain,0.6,-11.9,1763.5,17.64
2014,7,Wheat,Rabi Grain,0.6,-11.9,1650.5,16.5
2014,7,Maize,Coarse Grain,0.6,-11.9,1546.1,15.46
2014,7,Barley,Rabi Grain,0.6,-11.9,1399.6,14.0
2014,7,Tur_Arhar,Pulse,0.6,-11.9,5690.9,56.91
2014,7,Chana_Gram,Pulse,0.6,-11.9,3677.8,36.78
2014,7,Moong,Pulse,0.6,-11.9,5833.0,58.33
2014,7,Urad,Pulse,0.6,-11.9,5407.5,54.08
2014,7,Soybean,Oilseed,0.6,-11.9,3935.8,39.36
2014,7,Mustard,Oilseed,0.6,-11.9,3899.5,38.99
2014,7,Groundnut,Oilseed,0.6,-11.9,4643.3,46.43
2014,7,Sugarcane,Commercial,0.6,-11.9,280.1,2.8
2014,8,Rice,Kharif Grain,0.6,-11.9,1763.5,17.64
2014,8,Wheat,Rabi Grain,0.6,-11.9,1650.5,16.5
2014,8,Maize,Coarse Grain,0.6,-11.9,1546.1,15.46
2014,8,Barley,Rabi Grain,0.6,-11.9,1399.6,14.0
2014,8,Tur_Arhar,Pulse,0.6,-11.9,5690.9,56.91
2014,8,Chana_Gram,Pulse,0.6,-11.9,3677.8,36.78
2014,8,Moong,Pulse,0.6,-11.9,5833.0,58.33
2014,8,Urad,Pulse,0.6,-11.9,5407.5,54.08
2014,8,Soybean,Oilseed,0.6,-11.9,3935.8,39.36
2014,8,Mustard,Oilseed,0.6,-11.9,3899.5,38.99
2014,8,Groundnut,Oilseed,0.6,-11.9,4643.3,46.43
2014,8,Sugarcane,Commercial,0.6,-11.9,280.1,2.8
2014,9,Rice,Kharif Grain,0.6,-11.9,1763.5,17.64
2014,9,Wheat,Rabi Grain,0.6,-11.9,1650.5,16.5
2014,9,Maize,Coarse Grain,0.6,-11.9,1546.1,15.46
2014,9,Barley,Rabi Grain,0.6,-11.9,1399.6,14.0
2014,9,Tur_Arhar,Pulse,0.6,-11.9,5690.9,56.91
2014,9,Chana_Gram,Pulse,0.6,-11.9,3677.8,36.78
2014,9,Moong,Pulse,0.6,-11.9,5833.0,58.33
2014,9,Urad,Pulse,0.6,-11.9,5407.5,54.08
2014,9,Soybean,Oilseed,0.6,-11.9,3935.8,39.36
2014,9,Mustard,Oilseed,0.6,-11.9,3899.5,38.99
2014,9,Groundnut,Oilseed,0.6,-11.9,4643.3,46.43
2014,9,Sugarcane,Commercial,0.6,-11.9,280.1,2.8
2014,10,Rice,Kharif Grain,0.6,-11.9,1763.5,17.64
2014,10,Wheat,Rabi Grain,0.6,-11.9,1650.5,16.5
2014,10,Maize,Coarse Grain,0.6,-11.9,1546.1,15.46
2014,10,Barley,Rabi Grain,0.6,-11.9,1399.6,14.0
2014,10,Tur_Arhar,Pulse,0.6,-11.9,5690.9,56.91
2014,10,Chana_Gram,Pulse,0.6,-11.9,3677.8,36.78
2014,10,Moong,Pulse,0.6,-11.9,5833.0,58.33
2014,10,Urad,Pulse,0.6,-11.9,5407.5,54.08
2014,10,Soybean,Oilseed,0.6,-11.9,3935.8,39.36
2014,10,Mustard,Oilseed,0.6,-11.9,3899.5,38.99
2014,10,Groundnut,Oilseed,0.6,-11.9,4643.3,46.43
2014,10,Sugarcane,Commercial,0.6,-11.9,280.1,2.8
2014,11,Rice,Kharif Grain,0.6,-11.9,1763.5,17.64
2014,11,Wheat,Rabi Grain,0.6,-11.9,1650.5,16.5
2014,11,Maize,Coarse Grain,0.6,-11.9,1546.1,15.46
2014,11,Barley,Rabi Grain,0.6,-11.9,1399.6,14.0
2014,11,Tur_Arhar,Pulse,0.6,-11.9,5690.9,56.91
2014,11,Chana_Gram,Pulse,0.6,-11.9,3677.8,36.78
2014,11,Moong,Pulse,0.6,-11.9,5833.0,58.33
2014,11,Urad,Pulse,0.6,-11.9,5407.5,54.08
2014,11,Soybean,Oilseed,0.6,-11.9,3935.8,39.36
2014,11,Mustard,Oilseed,0.6,-11.9,3899.5,38.99
2014,11,Groundnut,Oilseed,0.6,-11.9,4643.3,46.43
2014,11,Sugarcane,Commercial,0.6,-11.9,280.1,2.8
2014,12,Rice,Kharif Grain,0.6,-11.9,1763.5,17.64
2014,12,Wheat,Rabi Grain,0.6,-11.9,1650.5,16.5
2014,12,Maize,Coarse Grain,0.6,-11.9,1546.1,15.46
2014,12,Barley,Rabi Grain,0.6,-11.9,1399.6,14.0
2014,12,Tur_Arhar,Pulse,0.6,-11.9,5690.9,56.91
2014,12,Chana_Gram,Pulse,0.6,-11.9,3677.8,36.78
2014,12,Moong,Pulse,0.6,-11.9,5833.0,58.33
2014,12,Urad,Pulse,0.6,-11.9,5407.5,54.08
2014,12,Soybean,Oilseed,0.6,-11.9,3935.8,39.36
2014,12,Mustard,Oilseed,0.6,-11.9,3899.5,38.99
2014,12,Groundnut,Oilseed,0.6,-11.9,4643.3,46.43
2014,12,Sugarcane,Commercial,0.6,-11.9,280.1,2.8
2015,1,Rice,Kharif Grain,2.2,-14.3,1886.0,18.86
2015,1,Wheat,Rabi Grain,2.2,-14.3,1748.7,17.49
2015,1,Maize,Coarse Grain,2.2,-14.3,1659.3,16.59
2015,1,Barley,Rabi Grain,2.2,-14.3,1485.1,14.85
2015,1,Tur_Arhar,Pulse,2.2,-14.3,6188.7,61.89
2015,1,Chana_Gram,Pulse,2.2,-14.3,3925.4,39.25
2015,1,Moong,Pulse,2.2,-14.3,6328.3,63.28
2015,1,Urad,Pulse,2.2,-14.3,5870.8,58.71
2015,1,Soybean,Oilseed,2.2,-14.3,4292.0,42.92
2015,1,Mustard,Oilseed,2.2,-14.3,4152.2,41.52
2015,1,Groundnut,Oilseed,2.2,-14.3,5010.5,50.1
2015,1,Sugarcane,Commercial,2.2,-14.3,299.1,2.99
2015,2,Rice,Kharif Grain,2.2,-14.3,1886.0,18.86
2015,2,Wheat,Rabi Grain,2.2,-14.3,1748.7,17.49
2015,2,Maize,Coarse Grain,2.2,-14.3,1659.3,16.59
2015,2,Barley,Rabi Grain,2.2,-14.3,1485.1,14.85
2015,2,Tur_Arhar,Pulse,2.2,-14.3,6188.7,61.89
2015,2,Chana_Gram,Pulse,2.2,-14.3,3925.4,39.25
2015,2,Moong,Pulse,2.2,-14.3,6328.3,63.28
2015,2,Urad,Pulse,2.2,-14.3,5870.8,58.71
2015,2,Soybean,Oilseed,2.2,-14.3,4292.0,42.92
2015,2,Mustard,Oilseed,2.2,-14.3,4152.2,41.52
2015,2,Groundnut,Oilseed,2.2,-14.3,5010.5,50.1
2015,2,Sugarcane,Commercial,2.2,-14.3,299.1,2.99
2015,3,Rice,Kharif Grain,2.2,-14.3,1886.0,18.86
2015,3,Wheat,Rabi Grain,2.2,-14.3,1748.7,17.49
2015,3,Maize,Coarse Grain,2.2,-14.3,1659.3,16.59
2015,3,Barley,Rabi Grain,2.2,-14.3,1485.1,14.85
2015,3,Tur_Arhar,Pulse,2.2,-14.3,6188.7,61.89
2015,3,Chana_Gram,Pulse,2.2,-14.3,3925.4,39.25
2015,3,Moong,Pulse,2.2,-14.3,6328.3,63.28
2015,3,Urad,Pulse,2.2,-14.3,5870.8,58.71
2015,3,Soybean,Oilseed,2.2,-14.3,4292.0,42.92
2015,3,Mustard,Oilseed,2.2,-14.3,4152.2,41.52
2015,3,Groundnut,Oilseed,2.2,-14.3,5010.5,50.1
2015,3,Sugarcane,Commercial,2.2,-14.3,299.1,2.99
2015,4,Rice,Kharif Grain,2.2,-14.3,1886.0,18.86
2015,4,Wheat,Rabi Grain,2.2,-14.3,1748.7,17.49
2015,4,Maize,Coarse Grain,2.2,-14.3,1659.3,16.59
2015,4,Barley,Rabi Grain,2.2,-14.3,1485.1,14.85
2015,4,Tur_Arhar,Pulse,2.2,-14.3,6188.7,61.89
2015,4,Chana_Gram,Pulse,2.2,-14.3,3925.4,39.25
2015,4,Moong,Pulse,2.2,-14.3,6328.3,63.28
2015,4,Urad,Pulse,2.2,-14.3,5870.8,58.71
2015,4,Soybean,Oilseed,2.2,-14.3,4292.0,42.92
2015,4,Mustard,Oilseed,2.2,-14.3,4152.2,41.52
2015,4,Groundnut,Oilseed,2.2,-14.3,5010.5,50.1
2015,4,Sugarcane,Commercial,2.2,-14.3,299.1,2.99
2015,5,Rice,Kharif Grain,2.2,-14.3,1886.0,18.86
2015,5,Wheat,Rabi Grain,2.2,-14.3,1748.7,17.49
2015,5,Maize,Coarse Grain,2.2,-14.3,1659.3,16.59
2015,5,Barley,Rabi Grain,2.2,-14.3,1485.1,14.85
2015,5,Tur_Arhar,Pulse,2.2,-14.3,6188.7,61.89
2015,5,Chana_Gram,Pulse,2.2,-14.3,3925.4,39.25
2015,5,Moong,Pulse,2.2,-14.3,6328.3,63.28
2015,5,Urad,Pulse,2.2,-14.3,5870.8,58.71
2015,5,Soybean,Oilseed,2.2,-14.3,4292.0,42.92
2015,5,Mustard,Oilseed,2.2,-14.3,4152.2,41.52
2015,5,Groundnut,Oilseed,2.2,-14.3,5010.5,50.1
2015,5,Sugarcane,Commercial,2.2,-14.3,299.1,2.99
2015,6,Rice,Kharif Grain,2.2,-14.3,1886.0,18.86
2015,6,Wheat,Rabi Grain,2.2,-14.3,1748.7,17.49
2015,6,Maize,Coarse Grain,2.2,-14.3,1659.3,16.59
2015,6,Barley,Rabi Grain,2.2,-14.3,1485.1,14.85
2015,6,Tur_Arhar,Pulse,2.2,-14.3,6188.7,61.89
2015,6,Chana_Gram,Pulse,2.2,-14.3,3925.4,39.25
2015,6,Moong,Pulse,2.2,-14.3,6328.3,63.28
2015,6,Urad,Pulse,2.2,-14.3,5870.8,58.71
2015,6,Soybean,Oilseed,2.2,-14.3,4292.0,42.92
2015,6,Mustard,Oilseed,2.2,-14.3,4152.2,41.52
2015,6,Groundnut,Oilseed,2.2,-14.3,5010.5,50.1
2015,6,Sugarcane,Commercial,2.2,-14.3,299.1,2.99
2015,7,Rice,Kharif Grain,2.2,-14.3,1886.0,18.86
2015,7,Wheat,Rabi Grain,2.2,-14.3,1748.7,17.49
2015,7,Maize,Coarse Grain,2.2,-14.3,1659.3,16.59
2015,7,Barley,Rabi Grain,2.2,-14.3,1485.1,14.85
2015,7,Tur_Arhar,Pulse,2.2,-14.3,6188.7,61.89
2015,7,Chana_Gram,Pulse,2.2,-14.3,3925.4,39.25
2015,7,Moong,Pulse,2.2,-14.3,6328.3,63.28
2015,7,Urad,Pulse,2.2,-14.3,5870.8,58.71
2015,7,Soybean,Oilseed,2.2,-14.3,4292.0,42.92
2015,7,Mustard,Oilseed,2.2,-14.3,4152.2,41.52
2015,7,Groundnut,Oilseed,2.2,-14.3,5010.5,50.1
2015,7,Sugarcane,Commercial,2.2,-14.3,299.1,2.99
2015,8,Rice,Kharif Grain,2.2,-14.3,1886.0,18.86
2015,8,Wheat,Rabi Grain,2.2,-14.3,1748.7,17.49
2015,8,Maize,Coarse Grain,2.2,-14.3,1659.3,16.59
2015,8,Barley,Rabi Grain,2.2,-14.3,1485.1,14.85
2015,8,Tur_Arhar,Pulse,2.2,-14.3,6188.7,61.89
2015,8,Chana_Gram,Pulse,2.2,-14.3,3925.4,39.25
2015,8,Moong,Pulse,2.2,-14.3,6328.3,63.28
2015,8,Urad,Pulse,2.2,-14.3,5870.8,58.71
2015,8,Soybean,Oilseed,2.2,-14.3,4292.0,42.92
2015,8,Mustard,Oilseed,2.2,-14.3,4152.2,41.52
2015,8,Groundnut,Oilseed,2.2,-14.3,5010.5,50.1
2015,8,Sugarcane,Commercial,2.2,-14.3,299.1,2.99
2015,9,Rice,Kharif Grain,2.2,-14.3,1886.0,18.86
2015,9,Wheat,Rabi Grain,2.2,-14.3,1748.7,17.49
2015,9,Maize,Coarse Grain,2.2,-14.3,1659.3,16.59
2015,9,Barley,Rabi Grain,2.2,-14.3,1485.1,14.85
2015,9,Tur_Arhar,Pulse,2.2,-14.3,6188.7,61.89
2015,9,Chana_Gram,Pulse,2.2,-14.3,3925.4,39.25
2015,9,Moong,Pulse,2.2,-14.3,6328.3,63.28
2015,9,Urad,Pulse,2.2,-14.3,5870.8,58.71
2015,9,Soybean,Oilseed,2.2,-14.3,4292.0,42.92
2015,9,Mustard,Oilseed,2.2,-14.3,4152.2,41.52
2015,9,Groundnut,Oilseed,2.2,-14.3,5010.5,50.1
2015,9,Sugarcane,Commercial,2.2,-14.3,299.1,2.99
2015,10,Rice,Kharif Grain,2.2,-14.3,1886.0,18.86
2015,10,Wheat,Rabi Grain,2.2,-14.3,1748.7,17.49
2015,10,Maize,Coarse Grain,2.2,-14.3,1659.3,16.59
2015,10,Barley,Rabi Grain,2.2,-14.3,1485.1,14.85
2015,10,Tur_Arhar,Pulse,2.2,-14.3,6188.7,61.89
2015,10,Chana_Gram,Pulse,2.2,-14.3,3925.4,39.25
2015,10,Moong,Pulse,2.2,-14.3,6328.3,63.28
2015,10,Urad,Pulse,2.2,-14.3,5870.8,58.71
2015,10,Soybean,Oilseed,2.2,-14.3,4292.0,42.92
2015,10,Mustard,Oilseed,2.2,-14.3,4152.2,41.52
2015,10,Groundnut,Oilseed,2.2,-14.3,5010.5,50.1
2015,10,Sugarcane,Commercial,2.2,-14.3,299.1,2.99
2015,11,Rice,Kharif Grain,2.2,-14.3,1886.0,18.86
2015,11,Wheat,Rabi Grain,2.2,-14.3,1748.7,17.49
2015,11,Maize,Coarse Grain,2.2,-14.3,1659.3,16.59
2015,11,Barley,Rabi Grain,2.2,-14.3,1485.1,14.85
2015,11,Tur_Arhar,Pulse,2.2,-14.3,6188.7,61.89
2015,11,Chana_Gram,Pulse,2.2,-14.3,3925.4,39.25
2015,11,Moong,Pulse,2.2,-14.3,6328.3,63.28
2015,11,Urad,Pulse,2.2,-14.3,5870.8,58.71
2015,11,Soybean,Oilseed,2.2,-14.3,4292.0,42.92
2015,11,Mustard,Oilseed,2.2,-14.3,4152.2,41.52
2015,11,Groundnut,Oilseed,2.2,-14.3,5010.5,50.1
2015,11,Sugarcane,Commercial,2.2,-14.3,299.1,2.99
2015,12,Rice,Kharif Grain,2.2,-14.3,1886.0,18.86
2015,12,Wheat,Rabi Grain,2.2,-14.3,1748.7,17.49
2015,12,Maize,Coarse Grain,2.2,-14.3,1659.3,16.59
2015,12,Barley,Rabi Grain,2.2,-14.3,1485.1,14.85
2015,12,Tur_Arhar,Pulse,2.2,-14.3,6188.7,61.89
2015,12,Chana_Gram,Pulse,2.2,-14.3,3925.4,39.25
2015,12,Moong,Pulse,2.2,-14.3,6328.3,63.28
2015,12,Urad,Pulse,2.2,-14.3,5870.8,58.71
2015,12,Soybean,Oilseed,2.2,-14.3,4292.0,42.92
2015,12,Mustard,Oilseed,2.2,-14.3,4152.2,41.52
2015,12,Groundnut,Oilseed,2.2,-14.3,5010.5,50.1
2015,12,Sugarcane,Commercial,2.2,-14.3,299.1,2.99
2016,1,Rice,Kharif Grain,-0.4,-3.0,1724.0,17.24
2016,1,Wheat,Rabi Grain,-0.4,-3.0,1668.0,16.68
2016,1,Maize,Coarse Grain,-0.4,-3.0,1490.0,14.9
2016,1,Barley,Rabi Grain,-0.4,-3.0,1408.0,14.08
2016,1,Tur_Arhar,Pulse,-0.4,-3.0,5190.0,51.9
2016,1,Chana_Gram,Pulse,-0.4,-3.0,3660.0,36.6
2016,1,Moong,Pulse,-0.4,-3.0,5400.0,54.0
2016,1,Urad,Pulse,-0.4,-3.0,4980.0,49.8
2016,1,Soybean,Oilseed,-0.4,-3.0,3540.0,35.4
2016,1,Mustard,Oilseed,-0.4,-3.0,3920.0,39.2
2016,1,Groundnut,Oilseed,-0.4,-3.0,4340.0,43.4
2016,1,Sugarcane,Commercial,-0.4,-3.0,277.0,2.77
2016,2,Rice,Kharif Grain,-0.4,-3.0,1724.0,17.24
2016,2,Wheat,Rabi Grain,-0.4,-3.0,1668.0,16.68
2016,2,Maize,Coarse Grain,-0.4,-3.0,1490.0,14.9
2016,2,Barley,Rabi Grain,-0.4,-3.0,1408.0,14.08
2016,2,Tur_Arhar,Pulse,-0.4,-3.0,5190.0,51.9
2016,2,Chana_Gram,Pulse,-0.4,-3.0,3660.0,36.6
2016,2,Moong,Pulse,-0.4,-3.0,5400.0,54.0
2016,2,Urad,Pulse,-0.4,-3.0,4980.0,49.8
2016,2,Soybean,Oilseed,-0.4,-3.0,3540.0,35.4
2016,2,Mustard,Oilseed,-0.4,-3.0,3920.0,39.2
2016,2,Groundnut,Oilseed,-0.4,-3.0,4340.0,43.4
2016,2,Sugarcane,Commercial,-0.4,-3.0,277.0,2.77
2016,3,Rice,Kharif Grain,-0.4,-3.0,1724.0,17.24
2016,3,Wheat,Rabi Grain,-0.4,-3.0,1668.0,16.68
2016,3,Maize,Coarse Grain,-0.4,-3.0,1490.0,14.9
2016,3,Barley,Rabi Grain,-0.4,-3.0,1408.0,14.08
2016,3,Tur_Arhar,Pulse,-0.4,-3.0,5190.0,51.9
2016,3,Chana_Gram,Pulse,-0.4,-3.0,3660.0,36.6
2016,3,Moong,Pulse,-0.4,-3.0,5400.0,54.0
2016,3,Urad,Pulse,-0.4,-3.0,4980.0,49.8
2016,3,Soybean,Oilseed,-0.4,-3.0,3540.0,35.4
2016,3,Mustard,Oilseed,-0.4,-3.0,3920.0,39.2
2016,3,Groundnut,Oilseed,-0.4,-3.0,4340.0,43.4
2016,3,Sugarcane,Commercial,-0.4,-3.0,277.0,2.77
2016,4,Rice,Kharif Grain,-0.4,-3.0,1724.0,17.24
2016,4,Wheat,Rabi Grain,-0.4,-3.0,1668.0,16.68
2016,4,Maize,Coarse Grain,-0.4,-3.0,1490.0,14.9
2016,4,Barley,Rabi Grain,-0.4,-3.0,1408.0,14.08
2016,4,Tur_Arhar,Pulse,-0.4,-3.0,5190.0,51.9
2016,4,Chana_Gram,Pulse,-0.4,-3.0,3660.0,36.6
2016,4,Moong,Pulse,-0.4,-3.0,5400.0,54.0
2016,4,Urad,Pulse,-0.4,-3.0,4980.0,49.8
2016,4,Soybean,Oilseed,-0.4,-3.0,3540.0,35.4
2016,4,Mustard,Oilseed,-0.4,-3.0,3920.0,39.2
2016,4,Groundnut,Oilseed,-0.4,-3.0,4340.0,43.4
2016,4,Sugarcane,Commercial,-0.4,-3.0,277.0,2.77
2016,5,Rice,Kharif Grain,-0.4,-3.0,1724.0,17.24
2016,5,Wheat,Rabi Grain,-0.4,-3.0,1668.0,16.68
2016,5,Maize,Coarse Grain,-0.4,-3.0,1490.0,14.9
2016,5,Barley,Rabi Grain,-0.4,-3.0,1408.0,14.08
2016,5,Tur_Arhar,Pulse,-0.4,-3.0,5190.0,51.9
2016,5,Chana_Gram,Pulse,-0.4,-3.0,3660.0,36.6
2016,5,Moong,Pulse,-0.4,-3.0,5400.0,54.0
2016,5,Urad,Pulse,-0.4,-3.0,4980.0,49.8
2016,5,Soybean,Oilseed,-0.4,-3.0,3540.0,35.4
2016,5,Mustard,Oilseed,-0.4,-3.0,3920.0,39.2
2016,5,Groundnut,Oilseed,-0.4,-3.0,4340.0,43.4
2016,5,Sugarcane,Commercial,-0.4,-3.0,277.0,2.77
2016,6,Rice,Kharif Grain,-0.4,-3.0,1724.0,17.24
2016,6,Wheat,Rabi Grain,-0.4,-3.0,1668.0,16.68
2016,6,Maize,Coarse Grain,-0.4,-3.0,1490.0,14.9
2016,6,Barley,Rabi Grain,-0.4,-3.0,1408.0,14.08
2016,6,Tur_Arhar,Pulse,-0.4,-3.0,5190.0,51.9
2016,6,Chana_Gram,Pulse,-0.4,-3.0,3660.0,36.6
2016,6,Moong,Pulse,-0.4,-3.0,5400.0,54.0
2016,6,Urad,Pulse,-0.4,-3.0,4980.0,49.8
2016,6,Soybean,Oilseed,-0.4,-3.0,3540.0,35.4
2016,6,Mustard,Oilseed,-0.4,-3.0,3920.0,39.2
2016,6,Groundnut,Oilseed,-0.4,-3.0,4340.0,43.4
2016,6,Sugarcane,Commercial,-0.4,-3.0,277.0,2.77
2016,7,Rice,Kharif Grain,-0.4,-3.0,1724.0,17.24
2016,7,Wheat,Rabi Grain,-0.4,-3.0,1668.0,16.68
2016,7,Maize,Coarse Grain,-0.4,-3.0,1490.0,14.9
2016,7,Barley,Rabi Grain,-0.4,-3.0,1408.0,14.08
2016,7,Tur_Arhar,Pulse,-0.4,-3.0,5190.0,51.9
2016,7,Chana_Gram,Pulse,-0.4,-3.0,3660.0,36.6
2016,7,Moong,Pulse,-0.4,-3.0,5400.0,54.0
2016,7,Urad,Pulse,-0.4,-3.0,4980.0,49.8
2016,7,Soybean,Oilseed,-0.4,-3.0,3540.0,35.4
2016,7,Mustard,Oilseed,-0.4,-3.0,3920.0,39.2
2016,7,Groundnut,Oilseed,-0.4,-3.0,4340.0,43.4
2016,7,Sugarcane,Commercial,-0.4,-3.0,277.0,2.77
2016,8,Rice,Kharif Grain,-0.4,-3.0,1724.0,17.24
2016,8,Wheat,Rabi Grain,-0.4,-3.0,1668.0,16.68
2016,8,Maize,Coarse Grain,-0.4,-3.0,1490.0,14.9
2016,8,Barley,Rabi Grain,-0.4,-3.0,1408.0,14.08
2016,8,Tur_Arhar,Pulse,-0.4,-3.0,5190.0,51.9
2016,8,Chana_Gram,Pulse,-0.4,-3.0,3660.0,36.6
2016,8,Moong,Pulse,-0.4,-3.0,5400.0,54.0
2016,8,Urad,Pulse,-0.4,-3.0,4980.0,49.8
2016,8,Soybean,Oilseed,-0.4,-3.0,3540.0,35.4
2016,8,Mustard,Oilseed,-0.4,-3.0,3920.0,39.2
2016,8,Groundnut,Oilseed,-0.4,-3.0,4340.0,43.4
2016,8,Sugarcane,Commercial,-0.4,-3.0,277.0,2.77
2016,9,Rice,Kharif Grain,-0.4,-3.0,1724.0,17.24
2016,9,Wheat,Rabi Grain,-0.4,-3.0,1668.0,16.68
2016,9,Maize,Coarse Grain,-0.4,-3.0,1490.0,14.9
2016,9,Barley,Rabi Grain,-0.4,-3.0,1408.0,14.08
2016,9,Tur_Arhar,Pulse,-0.4,-3.0,5190.0,51.9
2016,9,Chana_Gram,Pulse,-0.4,-3.0,3660.0,36.6
2016,9,Moong,Pulse,-0.4,-3.0,5400.0,54.0
2016,9,Urad,Pulse,-0.4,-3.0,4980.0,49.8
2016,9,Soybean,Oilseed,-0.4,-3.0,3540.0,35.4
2016,9,Mustard,Oilseed,-0.4,-3.0,3920.0,39.2
2016,9,Groundnut,Oilseed,-0.4,-3.0,4340.0,43.4
2016,9,Sugarcane,Commercial,-0.4,-3.0,277.0,2.77
2016,10,Rice,Kharif Grain,-0.4,-3.0,1724.0,17.24
2016,10,Wheat,Rabi Grain,-0.4,-3.0,1668.0,16.68
2016,10,Maize,Coarse Grain,-0.4,-3.0,1490.0,14.9
2016,10,Barley,Rabi Grain,-0.4,-3.0,1408.0,14.08
2016,10,Tur_Arhar,Pulse,-0.4,-3.0,5190.0,51.9
2016,10,Chana_Gram,Pulse,-0.4,-3.0,3660.0,36.6
2016,10,Moong,Pulse,-0.4,-3.0,5400.0,54.0
2016,10,Urad,Pulse,-0.4,-3.0,4980.0,49.8
2016,10,Soybean,Oilseed,-0.4,-3.0,3540.0,35.4
2016,10,Mustard,Oilseed,-0.4,-3.0,3920.0,39.2
2016,10,Groundnut,Oilseed,-0.4,-3.0,4340.0,43.4
2016,10,Sugarcane,Commercial,-0.4,-3.0,277.0,2.77
2016,11,Rice,Kharif Grain,-0.4,-3.0,1724.0,17.24
2016,11,Wheat,Rabi Grain,-0.4,-3.0,1668.0,16.68
2016,11,Maize,Coarse Grain,-0.4,-3.0,1490.0,14.9
2016,11,Barley,Rabi Grain,-0.4,-3.0,1408.0,14.08
2016,11,Tur_Arhar,Pulse,-0.4,-3.0,5190.0,51.9
2016,11,Chana_Gram,Pulse,-0.4,-3.0,3660.0,36.6
2016,11,Moong,Pulse,-0.4,-3.0,5400.0,54.0
2016,11,Urad,Pulse,-0.4,-3.0,4980.0,49.8
2016,11,Soybean,Oilseed,-0.4,-3.0,3540.0,35.4
2016,11,Mustard,Oilseed,-0.4,-3.0,3920.0,39.2
2016,11,Groundnut,Oilseed,-0.4,-3.0,4340.0,43.4
2016,11,Sugarcane,Commercial,-0.4,-3.0,277.0,2.77
2016,12,Rice,Kharif Grain,-0.4,-3.0,1724.0,17.24
2016,12,Wheat,Rabi Grain,-0.4,-3.0,1668.0,16.68
2016,12,Maize,Coarse Grain,-0.4,-3.0,1490.0,14.9
2016,12,Barley,Rabi Grain,-0.4,-3.0,1408.0,14.08
2016,12,Tur_Arhar,Pulse,-0.4,-3.0,5190.0,51.9
2016,12,Chana_Gram,Pulse,-0.4,-3.0,3660.0,36.6
2016,12,Moong,Pulse,-0.4,-3.0,5400.0,54.0
2016,12,Urad,Pulse,-0.4,-3.0,4980.0,49.8
2016,12,Soybean,Oilseed,-0.4,-3.0,3540.0,35.4
2016,12,Mustard,Oilseed,-0.4,-3.0,3920.0,39.2
2016,12,Groundnut,Oilseed,-0.4,-3.0,4340.0,43.4
2016,12,Sugarcane,Commercial,-0.4,-3.0,277.0,2.77
2017,1,Rice,Kharif Grain,-0.4,-5.0,1798.0,17.98
2017,1,Wheat,Rabi Grain,-0.4,-5.0,1736.0,17.36
2017,1,Maize,Coarse Grain,-0.4,-5.0,1555.0,15.55
2017,1,Barley,Rabi Grain,-0.4,-5.0,1466.0,14.66
2017,1,Tur_Arhar,Pulse,-0.4,-5.0,5430.0,54.3
2017,1,Chana_Gram,Pulse,-0.4,-5.0,3820.0,38.2
2017,1,Moong,Pulse,-0.4,-5.0,5650.0,56.5
2017,1,Urad,Pulse,-0.4,-5.0,5210.0,52.1
2017,1,Soybean,Oilseed,-0.4,-5.0,3705.0,37.05
2017,1,Mustard,Oilseed,-0.4,-5.0,4090.0,40.9
2017,1,Groundnut,Oilseed,-0.4,-5.0,4530.0,45.3
2017,1,Sugarcane,Commercial,-0.4,-5.0,289.0,2.89
2017,2,Rice,Kharif Grain,-0.4,-5.0,1798.0,17.98
2017,2,Wheat,Rabi Grain,-0.4,-5.0,1736.0,17.36
2017,2,Maize,Coarse Grain,-0.4,-5.0,1555.0,15.55
2017,2,Barley,Rabi Grain,-0.4,-5.0,1466.0,14.66
2017,2,Tur_Arhar,Pulse,-0.4,-5.0,5430.0,54.3
2017,2,Chana_Gram,Pulse,-0.4,-5.0,3820.0,38.2
2017,2,Moong,Pulse,-0.4,-5.0,5650.0,56.5
2017,2,Urad,Pulse,-0.4,-5.0,5210.0,52.1
2017,2,Soybean,Oilseed,-0.4,-5.0,3705.0,37.05
2017,2,Mustard,Oilseed,-0.4,-5.0,4090.0,40.9
2017,2,Groundnut,Oilseed,-0.4,-5.0,4530.0,45.3
2017,2,Sugarcane,Commercial,-0.4,-5.0,289.0,2.89
2017,3,Rice,Kharif Grain,-0.4,-5.0,1798.0,17.98
2017,3,Wheat,Rabi Grain,-0.4,-5.0,1736.0,17.36
2017,3,Maize,Coarse Grain,-0.4,-5.0,1555.0,15.55
2017,3,Barley,Rabi Grain,-0.4,-5.0,1466.0,14.66
2017,3,Tur_Arhar,Pulse,-0.4,-5.0,5430.0,54.3
2017,3,Chana_Gram,Pulse,-0.4,-5.0,3820.0,38.2
2017,3,Moong,Pulse,-0.4,-5.0,5650.0,56.5
2017,3,Urad,Pulse,-0.4,-5.0,5210.0,52.1
2017,3,Soybean,Oilseed,-0.4,-5.0,3705.0,37.05
2017,3,Mustard,Oilseed,-0.4,-5.0,4090.0,40.9
2017,3,Groundnut,Oilseed,-0.4,-5.0,4530.0,45.3
2017,3,Sugarcane,Commercial,-0.4,-5.0,289.0,2.89
2017,4,Rice,Kharif Grain,-0.4,-5.0,1798.0,17.98
2017,4,Wheat,Rabi Grain,-0.4,-5.0,1736.0,17.36
2017,4,Maize,Coarse Grain,-0.4,-5.0,1555.0,15.55
2017,4,Barley,Rabi Grain,-0.4,-5.0,1466.0,14.66
2017,4,Tur_Arhar,Pulse,-0.4,-5.0,5430.0,54.3
2017,4,Chana_Gram,Pulse,-0.4,-5.0,3820.0,38.2
2017,4,Moong,Pulse,-0.4,-5.0,5650.0,56.5
2017,4,Urad,Pulse,-0.4,-5.0,5210.0,52.1
2017,4,Soybean,Oilseed,-0.4,-5.0,3705.0,37.05
2017,4,Mustard,Oilseed,-0.4,-5.0,4090.0,40.9
2017,4,Groundnut,Oilseed,-0.4,-5.0,4530.0,45.3
2017,4,Sugarcane,Commercial,-0.4,-5.0,289.0,2.89
2017,5,Rice,Kharif Grain,-0.4,-5.0,1798.0,17.98
2017,5,Wheat,Rabi Grain,-0.4,-5.0,1736.0,17.36
2017,5,Maize,Coarse Grain,-0.4,-5.0,1555.0,15.55
2017,5,Barley,Rabi Grain,-0.4,-5.0,1466.0,14.66
2017,5,Tur_Arhar,Pulse,-0.4,-5.0,5430.0,54.3
2017,5,Chana_Gram,Pulse,-0.4,-5.0,3820.0,38.2
2017,5,Moong,Pulse,-0.4,-5.0,5650.0,56.5
2017,5,Urad,Pulse,-0.4,-5.0,5210.0,52.1
2017,5,Soybean,Oilseed,-0.4,-5.0,3705.0,37.05
2017,5,Mustard,Oilseed,-0.4,-5.0,4090.0,40.9
2017,5,Groundnut,Oilseed,-0.4,-5.0,4530.0,45.3
2017,5,Sugarcane,Commercial,-0.4,-5.0,289.0,2.89
2017,6,Rice,Kharif Grain,-0.4,-5.0,1798.0,17.98
2017,6,Wheat,Rabi Grain,-0.4,-5.0,1736.0,17.36
2017,6,Maize,Coarse Grain,-0.4,-5.0,1555.0,15.55
2017,6,Barley,Rabi Grain,-0.4,-5.0,1466.0,14.66
2017,6,Tur_Arhar,Pulse,-0.4,-5.0,5430.0,54.3
2017,6,Chana_Gram,Pulse,-0.4,-5.0,3820.0,38.2
2017,6,Moong,Pulse,-0.4,-5.0,5650.0,56.5
2017,6,Urad,Pulse,-0.4,-5.0,5210.0,52.1
2017,6,Soybean,Oilseed,-0.4,-5.0,3705.0,37.05
2017,6,Mustard,Oilseed,-0.4,-5.0,4090.0,40.9
2017,6,Groundnut,Oilseed,-0.4,-5.0,4530.0,45.3
2017,6,Sugarcane,Commercial,-0.4,-5.0,289.0,2.89
2017,7,Rice,Kharif Grain,-0.4,-5.0,1798.0,17.98
2017,7,Wheat,Rabi Grain,-0.4,-5.0,1736.0,17.36
2017,7,Maize,Coarse Grain,-0.4,-5.0,1555.0,15.55
2017,7,Barley,Rabi Grain,-0.4,-5.0,1466.0,14.66
2017,7,Tur_Arhar,Pulse,-0.4,-5.0,5430.0,54.3
2017,7,Chana_Gram,Pulse,-0.4,-5.0,3820.0,38.2
2017,7,Moong,Pulse,-0.4,-5.0,5650.0,56.5
2017,7,Urad,Pulse,-0.4,-5.0,5210.0,52.1
2017,7,Soybean,Oilseed,-0.4,-5.0,3705.0,37.05
2017,7,Mustard,Oilseed,-0.4,-5.0,4090.0,40.9
2017,7,Groundnut,Oilseed,-0.4,-5.0,4530.0,45.3
2017,7,Sugarcane,Commercial,-0.4,-5.0,289.0,2.89
2017,8,Rice,Kharif Grain,-0.4,-5.0,1798.0,17.98
2017,8,Wheat,Rabi Grain,-0.4,-5.0,1736.0,17.36
2017,8,Maize,Coarse Grain,-0.4,-5.0,1555.0,15.55
2017,8,Barley,Rabi Grain,-0.4,-5.0,1466.0,14.66
2017,8,Tur_Arhar,Pulse,-0.4,-5.0,5430.0,54.3
2017,8,Chana_Gram,Pulse,-0.4,-5.0,3820.0,38.2
2017,8,Moong,Pulse,-0.4,-5.0,5650.0,56.5
2017,8,Urad,Pulse,-0.4,-5.0,5210.0,52.1
2017,8,Soybean,Oilseed,-0.4,-5.0,3705.0,37.05
2017,8,Mustard,Oilseed,-0.4,-5.0,4090.0,40.9
2017,8,Groundnut,Oilseed,-0.4,-5.0,4530.0,45.3
2017,8,Sugarcane,Commercial,-0.4,-5.0,289.0,2.89
2017,9,Rice,Kharif Grain,-0.4,-5.0,1798.0,17.98
2017,9,Wheat,Rabi Grain,-0.4,-5.0,1736.0,17.36
2017,9,Maize,Coarse Grain,-0.4,-5.0,1555.0,15.55
2017,9,Barley,Rabi Grain,-0.4,-5.0,1466.0,14.66
2017,9,Tur_Arhar,Pulse,-0.4,-5.0,5430.0,54.3
2017,9,Chana_Gram,Pulse,-0.4,-5.0,3820.0,38.2
2017,9,Moong,Pulse,-0.4,-5.0,5650.0,56.5
2017,9,Urad,Pulse,-0.4,-5.0,5210.0,52.1
2017,9,Soybean,Oilseed,-0.4,-5.0,3705.0,37.05
2017,9,Mustard,Oilseed,-0.4,-5.0,4090.0,40.9
2017,9,Groundnut,Oilseed,-0.4,-5.0,4530.0,45.3
2017,9,Sugarcane,Commercial,-0.4,-5.0,289.0,2.89
2017,10,Rice,Kharif Grain,-0.4,-5.0,1798.0,17.98
2017,10,Wheat,Rabi Grain,-0.4,-5.0,1736.0,17.36
2017,10,Maize,Coarse Grain,-0.4,-5.0,1555.0,15.55
2017,10,Barley,Rabi Grain,-0.4,-5.0,1466.0,14.66
2017,10,Tur_Arhar,Pulse,-0.4,-5.0,5430.0,54.3
2017,10,Chana_Gram,Pulse,-0.4,-5.0,3820.0,38.2
2017,10,Moong,Pulse,-0.4,-5.0,5650.0,56.5
2017,10,Urad,Pulse,-0.4,-5.0,5210.0,52.1
2017,10,Soybean,Oilseed,-0.4,-5.0,3705.0,37.05
2017,10,Mustard,Oilseed,-0.4,-5.0,4090.0,40.9
2017,10,Groundnut,Oilseed,-0.4,-5.0,4530.0,45.3
2017,10,Sugarcane,Commercial,-0.4,-5.0,289.0,2.89
2017,11,Rice,Kharif Grain,-0.4,-5.0,1798.0,17.98
2017,11,Wheat,Rabi Grain,-0.4,-5.0,1736.0,17.36
2017,11,Maize,Coarse Grain,-0.4,-5.0,1555.0,15.55
2017,11,Barley,Rabi Grain,-0.4,-5.0,1466.0,14.66
2017,11,Tur_Arhar,Pulse,-0.4,-5.0,5430.0,54.3
2017,11,Chana_Gram,Pulse,-0.4,-5.0,3820.0,38.2
2017,11,Moong,Pulse,-0.4,-5.0,5650.0,56.5
2017,11,Urad,Pulse,-0.4,-5.0,5210.0,52.1
2017,11,Soybean,Oilseed,-0.4,-5.0,3705.0,37.05
2017,11,Mustard,Oilseed,-0.4,-5.0,4090.0,40.9
2017,11,Groundnut,Oilseed,-0.4,-5.0,4530.0,45.3
2017,11,Sugarcane,Commercial,-0.4,-5.0,289.0,2.89
2017,12,Rice,Kharif Grain,-0.4,-5.0,1798.0,17.98
2017,12,Wheat,Rabi Grain,-0.4,-5.0,1736.0,17.36
2017,12,Maize,Coarse Grain,-0.4,-5.0,1555.0,15.55
2017,12,Barley,Rabi Grain,-0.4,-5.0,1466.0,14.66
2017,12,Tur_Arhar,Pulse,-0.4,-5.0,5430.0,54.3
2017,12,Chana_Gram,Pulse,-0.4,-5.0,3820.0,38.2
2017,12,Moong,Pulse,-0.4,-5.0,5650.0,56.5
2017,12,Urad,Pulse,-0.4,-5.0,5210.0,52.1
2017,12,Soybean,Oilseed,-0.4,-5.0,3705.0,37.05
2017,12,Mustard,Oilseed,-0.4,-5.0,4090.0,40.9
2017,12,Groundnut,Oilseed,-0.4,-5.0,4530.0,45.3
2017,12,Sugarcane,Commercial,-0.4,-5.0,289.0,2.89
2018,1,Rice,Kharif Grain,0.8,-9.0,2040.5,20.41
2018,1,Wheat,Rabi Grain,0.8,-9.0,1909.5,19.09
2018,1,Maize,Coarse Grain,0.8,-9.0,1787.7,17.88
2018,1,Barley,Rabi Grain,0.8,-9.0,1620.0,16.2
2018,1,Tur_Arhar,Pulse,0.8,-9.0,6563.0,65.63
2018,1,Chana_Gram,Pulse,0.8,-9.0,4284.5,42.84
2018,1,Moong,Pulse,0.8,-9.0,6749.6,67.5
2018,1,Urad,Pulse,0.8,-9.0,6247.8,62.48
2018,1,Soybean,Oilseed,0.8,-9.0,4531.8,45.32
2018,1,Mustard,Oilseed,0.8,-9.0,4547.5,45.48
2018,1,Groundnut,Oilseed,0.8,-9.0,5336.0,53.36
2018,1,Sugarcane,Commercial,0.8,-9.0,325.4,3.25
2018,2,Rice,Kharif Grain,0.8,-9.0,2040.5,20.41
2018,2,Wheat,Rabi Grain,0.8,-9.0,1909.5,19.09
2018,2,Maize,Coarse Grain,0.8,-9.0,1787.7,17.88
2018,2,Barley,Rabi Grain,0.8,-9.0,1620.0,16.2
2018,2,Tur_Arhar,Pulse,0.8,-9.0,6563.0,65.63
2018,2,Chana_Gram,Pulse,0.8,-9.0,4284.5,42.84
2018,2,Moong,Pulse,0.8,-9.0,6749.6,67.5
2018,2,Urad,Pulse,0.8,-9.0,6247.8,62.48
2018,2,Soybean,Oilseed,0.8,-9.0,4531.8,45.32
2018,2,Mustard,Oilseed,0.8,-9.0,4547.5,45.48
2018,2,Groundnut,Oilseed,0.8,-9.0,5336.0,53.36
2018,2,Sugarcane,Commercial,0.8,-9.0,325.4,3.25
2018,3,Rice,Kharif Grain,0.8,-9.0,2040.5,20.41
2018,3,Wheat,Rabi Grain,0.8,-9.0,1909.5,19.09
2018,3,Maize,Coarse Grain,0.8,-9.0,1787.7,17.88
2018,3,Barley,Rabi Grain,0.8,-9.0,1620.0,16.2
2018,3,Tur_Arhar,Pulse,0.8,-9.0,6563.0,65.63
2018,3,Chana_Gram,Pulse,0.8,-9.0,4284.5,42.84
2018,3,Moong,Pulse,0.8,-9.0,6749.6,67.5
2018,3,Urad,Pulse,0.8,-9.0,6247.8,62.48
2018,3,Soybean,Oilseed,0.8,-9.0,4531.8,45.32
2018,3,Mustard,Oilseed,0.8,-9.0,4547.5,45.48
2018,3,Groundnut,Oilseed,0.8,-9.0,5336.0,53.36
2018,3,Sugarcane,Commercial,0.8,-9.0,325.4,3.25
2018,4,Rice,Kharif Grain,0.8,-9.0,2040.5,20.41
2018,4,Wheat,Rabi Grain,0.8,-9.0,1909.5,19.09
2018,4,Maize,Coarse Grain,0.8,-9.0,1787.7,17.88
2018,4,Barley,Rabi Grain,0.8,-9.0,1620.0,16.2
2018,4,Tur_Arhar,Pulse,0.8,-9.0,6563.0,65.63
2018,4,Chana_Gram,Pulse,0.8,-9.0,4284.5,42.84
2018,4,Moong,Pulse,0.8,-9.0,6749.6,67.5
2018,4,Urad,Pulse,0.8,-9.0,6247.8,62.48
2018,4,Soybean,Oilseed,0.8,-9.0,4531.8,45.32
2018,4,Mustard,Oilseed,0.8,-9.0,4547.5,45.48
2018,4,Groundnut,Oilseed,0.8,-9.0,5336.0,53.36
2018,4,Sugarcane,Commercial,0.8,-9.0,325.4,3.25
2018,5,Rice,Kharif Grain,0.8,-9.0,2040.5,20.41
2018,5,Wheat,Rabi Grain,0.8,-9.0,1909.5,19.09
2018,5,Maize,Coarse Grain,0.8,-9.0,1787.7,17.88
2018,5,Barley,Rabi Grain,0.8,-9.0,1620.0,16.2
2018,5,Tur_Arhar,Pulse,0.8,-9.0,6563.0,65.63
2018,5,Chana_Gram,Pulse,0.8,-9.0,4284.5,42.84
2018,5,Moong,Pulse,0.8,-9.0,6749.6,67.5
2018,5,Urad,Pulse,0.8,-9.0,6247.8,62.48
2018,5,Soybean,Oilseed,0.8,-9.0,4531.8,45.32
2018,5,Mustard,Oilseed,0.8,-9.0,4547.5,45.48
2018,5,Groundnut,Oilseed,0.8,-9.0,5336.0,53.36
2018,5,Sugarcane,Commercial,0.8,-9.0,325.4,3.25
2018,6,Rice,Kharif Grain,0.8,-9.0,2040.5,20.41
2018,6,Wheat,Rabi Grain,0.8,-9.0,1909.5,19.09
2018,6,Maize,Coarse Grain,0.8,-9.0,1787.7,17.88
2018,6,Barley,Rabi Grain,0.8,-9.0,1620.0,16.2
2018,6,Tur_Arhar,Pulse,0.8,-9.0,6563.0,65.63
2018,6,Chana_Gram,Pulse,0.8,-9.0,4284.5,42.84
2018,6,Moong,Pulse,0.8,-9.0,6749.6,67.5
2018,6,Urad,Pulse,0.8,-9.0,6247.8,62.48
2018,6,Soybean,Oilseed,0.8,-9.0,4531.8,45.32
2018,6,Mustard,Oilseed,0.8,-9.0,4547.5,45.48
2018,6,Groundnut,Oilseed,0.8,-9.0,5336.0,53.36
2018,6,Sugarcane,Commercial,0.8,-9.0,325.4,3.25
2018,7,Rice,Kharif Grain,0.8,-9.0,2040.5,20.41
2018,7,Wheat,Rabi Grain,0.8,-9.0,1909.5,19.09
2018,7,Maize,Coarse Grain,0.8,-9.0,1787.7,17.88
2018,7,Barley,Rabi Grain,0.8,-9.0,1620.0,16.2
2018,7,Tur_Arhar,Pulse,0.8,-9.0,6563.0,65.63
2018,7,Chana_Gram,Pulse,0.8,-9.0,4284.5,42.84
2018,7,Moong,Pulse,0.8,-9.0,6749.6,67.5
2018,7,Urad,Pulse,0.8,-9.0,6247.8,62.48
2018,7,Soybean,Oilseed,0.8,-9.0,4531.8,45.32
2018,7,Mustard,Oilseed,0.8,-9.0,4547.5,45.48
2018,7,Groundnut,Oilseed,0.8,-9.0,5336.0,53.36
2018,7,Sugarcane,Commercial,0.8,-9.0,325.4,3.25
2018,8,Rice,Kharif Grain,0.8,-9.0,2040.5,20.41
2018,8,Wheat,Rabi Grain,0.8,-9.0,1909.5,19.09
2018,8,Maize,Coarse Grain,0.8,-9.0,1787.7,17.88
2018,8,Barley,Rabi Grain,0.8,-9.0,1620.0,16.2
2018,8,Tur_Arhar,Pulse,0.8,-9.0,6563.0,65.63
2018,8,Chana_Gram,Pulse,0.8,-9.0,4284.5,42.84
2018,8,Moong,Pulse,0.8,-9.0,6749.6,67.5
2018,8,Urad,Pulse,0.8,-9.0,6247.8,62.48
2018,8,Soybean,Oilseed,0.8,-9.0,4531.8,45.32
2018,8,Mustard,Oilseed,0.8,-9.0,4547.5,45.48
2018,8,Groundnut,Oilseed,0.8,-9.0,5336.0,53.36
2018,8,Sugarcane,Commercial,0.8,-9.0,325.4,3.25
2018,9,Rice,Kharif Grain,0.8,-9.0,2040.5,20.41
2018,9,Wheat,Rabi Grain,0.8,-9.0,1909.5,19.09
2018,9,Maize,Coarse Grain,0.8,-9.0,1787.7,17.88
2018,9,Barley,Rabi Grain,0.8,-9.0,1620.0,16.2
2018,9,Tur_Arhar,Pulse,0.8,-9.0,6563.0,65.63
2018,9,Chana_Gram,Pulse,0.8,-9.0,4284.5,42.84
2018,9,Moong,Pulse,0.8,-9.0,6749.6,67.5
2018,9,Urad,Pulse,0.8,-9.0,6247.8,62.48
2018,9,Soybean,Oilseed,0.8,-9.0,4531.8,45.32
2018,9,Mustard,Oilseed,0.8,-9.0,4547.5,45.48
2018,9,Groundnut,Oilseed,0.8,-9.0,5336.0,53.36
2018,9,Sugarcane,Commercial,0.8,-9.0,325.4,3.25
2018,10,Rice,Kharif Grain,0.8,-9.0,2040.5,20.41
2018,10,Wheat,Rabi Grain,0.8,-9.0,1909.5,19.09
2018,10,Maize,Coarse Grain,0.8,-9.0,1787.7,17.88
2018,10,Barley,Rabi Grain,0.8,-9.0,1620.0,16.2
2018,10,Tur_Arhar,Pulse,0.8,-9.0,6563.0,65.63
2018,10,Chana_Gram,Pulse,0.8,-9.0,4284.5,42.84
2018,10,Moong,Pulse,0.8,-9.0,6749.6,67.5
2018,10,Urad,Pulse,0.8,-9.0,6247.8,62.48
2018,10,Soybean,Oilseed,0.8,-9.0,4531.8,45.32
2018,10,Mustard,Oilseed,0.8,-9.0,4547.5,45.48
2018,10,Groundnut,Oilseed,0.8,-9.0,5336.0,53.36
2018,10,Sugarcane,Commercial,0.8,-9.0,325.4,3.25
2018,11,Rice,Kharif Grain,0.8,-9.0,2040.5,20.41
2018,11,Wheat,Rabi Grain,0.8,-9.0,1909.5,19.09
2018,11,Maize,Coarse Grain,0.8,-9.0,1787.7,17.88
2018,11,Barley,Rabi Grain,0.8,-9.0,1620.0,16.2
2018,11,Tur_Arhar,Pulse,0.8,-9.0,6563.0,65.63
2018,11,Chana_Gram,Pulse,0.8,-9.0,4284.5,42.84
2018,11,Moong,Pulse,0.8,-9.0,6749.6,67.5
2018,11,Urad,Pulse,0.8,-9.0,6247.8,62.48
2018,11,Soybean,Oilseed,0.8,-9.0,4531.8,45.32
2018,11,Mustard,Oilseed,0.8,-9.0,4547.5,45.48
2018,11,Groundnut,Oilseed,0.8,-9.0,5336.0,53.36
2018,11,Sugarcane,Commercial,0.8,-9.0,325.4,3.25
2018,12,Rice,Kharif Grain,0.8,-9.0,2040.5,20.41
2018,12,Wheat,Rabi Grain,0.8,-9.0,1909.5,19.09
2018,12,Maize,Coarse Grain,0.8,-9.0,1787.7,17.88
2018,12,Barley,Rabi Grain,0.8,-9.0,1620.0,16.2
2018,12,Tur_Arhar,Pulse,0.8,-9.0,6563.0,65.63
2018,12,Chana_Gram,Pulse,0.8,-9.0,4284.5,42.84
2018,12,Moong,Pulse,0.8,-9.0,6749.6,67.5
2018,12,Urad,Pulse,0.8,-9.0,6247.8,62.48
2018,12,Soybean,Oilseed,0.8,-9.0,4531.8,45.32
2018,12,Mustard,Oilseed,0.8,-9.0,4547.5,45.48
2018,12,Groundnut,Oilseed,0.8,-9.0,5336.0,53.36
2018,12,Sugarcane,Commercial,0.8,-9.0,325.4,3.25
2019,1,Rice,Kharif Grain,0.3,10.0,1946.0,19.46
2019,1,Wheat,Rabi Grain,0.3,10.0,1872.0,18.72
2019,1,Maize,Coarse Grain,0.3,10.0,1685.0,16.85
2019,1,Barley,Rabi Grain,0.3,10.0,1582.0,15.82
2019,1,Tur_Arhar,Pulse,0.3,10.0,5910.0,59.1
2019,1,Chana_Gram,Pulse,0.3,10.0,4140.0,41.4
2019,1,Moong,Pulse,0.3,10.0,6150.0,61.5
2019,1,Urad,Pulse,0.3,10.0,5670.0,56.7
2019,1,Soybean,Oilseed,0.3,10.0,4035.0,40.35
2019,1,Mustard,Oilseed,0.3,10.0,4430.0,44.3
2019,1,Groundnut,Oilseed,0.3,10.0,4910.0,49.1
2019,1,Sugarcane,Commercial,0.3,10.0,313.0,3.13
2019,2,Rice,Kharif Grain,0.3,10.0,1946.0,19.46
2019,2,Wheat,Rabi Grain,0.3,10.0,1872.0,18.72
2019,2,Maize,Coarse Grain,0.3,10.0,1685.0,16.85
2019,2,Barley,Rabi Grain,0.3,10.0,1582.0,15.82
2019,2,Tur_Arhar,Pulse,0.3,10.0,5910.0,59.1
2019,2,Chana_Gram,Pulse,0.3,10.0,4140.0,41.4
2019,2,Moong,Pulse,0.3,10.0,6150.0,61.5
2019,2,Urad,Pulse,0.3,10.0,5670.0,56.7
2019,2,Soybean,Oilseed,0.3,10.0,4035.0,40.35
2019,2,Mustard,Oilseed,0.3,10.0,4430.0,44.3
2019,2,Groundnut,Oilseed,0.3,10.0,4910.0,49.1
2019,2,Sugarcane,Commercial,0.3,10.0,313.0,3.13
2019,3,Rice,Kharif Grain,0.3,10.0,1946.0,19.46
2019,3,Wheat,Rabi Grain,0.3,10.0,1872.0,18.72
2019,3,Maize,Coarse Grain,0.3,10.0,1685.0,16.85
2019,3,Barley,Rabi Grain,0.3,10.0,1582.0,15.82
2019,3,Tur_Arhar,Pulse,0.3,10.0,5910.0,59.1
2019,3,Chana_Gram,Pulse,0.3,10.0,4140.0,41.4
2019,3,Moong,Pulse,0.3,10.0,6150.0,61.5
2019,3,Urad,Pulse,0.3,10.0,5670.0,56.7
2019,3,Soybean,Oilseed,0.3,10.0,4035.0,40.35
2019,3,Mustard,Oilseed,0.3,10.0,4430.0,44.3
2019,3,Groundnut,Oilseed,0.3,10.0,4910.0,49.1
2019,3,Sugarcane,Commercial,0.3,10.0,313.0,3.13
2019,4,Rice,Kharif Grain,0.3,10.0,1946.0,19.46
2019,4,Wheat,Rabi Grain,0.3,10.0,1872.0,18.72
2019,4,Maize,Coarse Grain,0.3,10.0,1685.0,16.85
2019,4,Barley,Rabi Grain,0.3,10.0,1582.0,15.82
2019,4,Tur_Arhar,Pulse,0.3,10.0,5910.0,59.1
2019,4,Chana_Gram,Pulse,0.3,10.0,4140.0,41.4
2019,4,Moong,Pulse,0.3,10.0,6150.0,61.5
2019,4,Urad,Pulse,0.3,10.0,5670.0,56.7
2019,4,Soybean,Oilseed,0.3,10.0,4035.0,40.35
2019,4,Mustard,Oilseed,0.3,10.0,4430.0,44.3
2019,4,Groundnut,Oilseed,0.3,10.0,4910.0,49.1
2019,4,Sugarcane,Commercial,0.3,10.0,313.0,3.13
2019,5,Rice,Kharif Grain,0.3,10.0,1946.0,19.46
2019,5,Wheat,Rabi Grain,0.3,10.0,1872.0,18.72
2019,5,Maize,Coarse Grain,0.3,10.0,1685.0,16.85
2019,5,Barley,Rabi Grain,0.3,10.0,1582.0,15.82
2019,5,Tur_Arhar,Pulse,0.3,10.0,5910.0,59.1
2019,5,Chana_Gram,Pulse,0.3,10.0,4140.0,41.4
2019,5,Moong,Pulse,0.3,10.0,6150.0,61.5
2019,5,Urad,Pulse,0.3,10.0,5670.0,56.7
2019,5,Soybean,Oilseed,0.3,10.0,4035.0,40.35
2019,5,Mustard,Oilseed,0.3,10.0,4430.0,44.3
2019,5,Groundnut,Oilseed,0.3,10.0,4910.0,49.1
2019,5,Sugarcane,Commercial,0.3,10.0,313.0,3.13
2019,6,Rice,Kharif Grain,0.3,10.0,1946.0,19.46
2019,6,Wheat,Rabi Grain,0.3,10.0,1872.0,18.72
2019,6,Maize,Coarse Grain,0.3,10.0,1685.0,16.85
2019,6,Barley,Rabi Grain,0.3,10.0,1582.0,15.82
2019,6,Tur_Arhar,Pulse,0.3,10.0,5910.0,59.1
2019,6,Chana_Gram,Pulse,0.3,10.0,4140.0,41.4
2019,6,Moong,Pulse,0.3,10.0,6150.0,61.5
2019,6,Urad,Pulse,0.3,10.0,5670.0,56.7
2019,6,Soybean,Oilseed,0.3,10.0,4035.0,40.35
2019,6,Mustard,Oilseed,0.3,10.0,4430.0,44.3
2019,6,Groundnut,Oilseed,0.3,10.0,4910.0,49.1
2019,6,Sugarcane,Commercial,0.3,10.0,313.0,3.13
2019,7,Rice,Kharif Grain,0.3,10.0,1946.0,19.46
2019,7,Wheat,Rabi Grain,0.3,10.0,1872.0,18.72
2019,7,Maize,Coarse Grain,0.3,10.0,1685.0,16.85
2019,7,Barley,Rabi Grain,0.3,10.0,1582.0,15.82
2019,7,Tur_Arhar,Pulse,0.3,10.0,5910.0,59.1
2019,7,Chana_Gram,Pulse,0.3,10.0,4140.0,41.4
2019,7,Moong,Pulse,0.3,10.0,6150.0,61.5
2019,7,Urad,Pulse,0.3,10.0,5670.0,56.7
2019,7,Soybean,Oilseed,0.3,10.0,4035.0,40.35
2019,7,Mustard,Oilseed,0.3,10.0,4430.0,44.3
2019,7,Groundnut,Oilseed,0.3,10.0,4910.0,49.1
2019,7,Sugarcane,Commercial,0.3,10.0,313.0,3.13
2019,8,Rice,Kharif Grain,0.3,10.0,1946.0,19.46
2019,8,Wheat,Rabi Grain,0.3,10.0,1872.0,18.72
2019,8,Maize,Coarse Grain,0.3,10.0,1685.0,16.85
2019,8,Barley,Rabi Grain,0.3,10.0,1582.0,15.82
2019,8,Tur_Arhar,Pulse,0.3,10.0,5910.0,59.1
2019,8,Chana_Gram,Pulse,0.3,10.0,4140.0,41.4
2019,8,Moong,Pulse,0.3,10.0,6150.0,61.5
2019,8,Urad,Pulse,0.3,10.0,5670.0,56.7
2019,8,Soybean,Oilseed,0.3,10.0,4035.0,40.35
2019,8,Mustard,Oilseed,0.3,10.0,4430.0,44.3
2019,8,Groundnut,Oilseed,0.3,10.0,4910.0,49.1
2019,8,Sugarcane,Commercial,0.3,10.0,313.0,3.13
2019,9,Rice,Kharif Grain,0.3,10.0,1946.0,19.46
2019,9,Wheat,Rabi Grain,0.3,10.0,1872.0,18.72
2019,9,Maize,Coarse Grain,0.3,10.0,1685.0,16.85
2019,9,Barley,Rabi Grain,0.3,10.0,1582.0,15.82
2019,9,Tur_Arhar,Pulse,0.3,10.0,5910.0,59.1
2019,9,Chana_Gram,Pulse,0.3,10.0,4140.0,41.4
2019,9,Moong,Pulse,0.3,10.0,6150.0,61.5
2019,9,Urad,Pulse,0.3,10.0,5670.0,56.7
2019,9,Soybean,Oilseed,0.3,10.0,4035.0,40.35
2019,9,Mustard,Oilseed,0.3,10.0,4430.0,44.3
2019,9,Groundnut,Oilseed,0.3,10.0,4910.0,49.1
2019,9,Sugarcane,Commercial,0.3,10.0,313.0,3.13
2019,10,Rice,Kharif Grain,0.3,10.0,1946.0,19.46
2019,10,Wheat,Rabi Grain,0.3,10.0,1872.0,18.72
2019,10,Maize,Coarse Grain,0.3,10.0,1685.0,16.85
2019,10,Barley,Rabi Grain,0.3,10.0,1582.0,15.82
2019,10,Tur_Arhar,Pulse,0.3,10.0,5910.0,59.1
2019,10,Chana_Gram,Pulse,0.3,10.0,4140.0,41.4
2019,10,Moong,Pulse,0.3,10.0,6150.0,61.5
2019,10,Urad,Pulse,0.3,10.0,5670.0,56.7
2019,10,Soybean,Oilseed,0.3,10.0,4035.0,40.35
2019,10,Mustard,Oilseed,0.3,10.0,4430.0,44.3
2019,10,Groundnut,Oilseed,0.3,10.0,4910.0,49.1
2019,10,Sugarcane,Commercial,0.3,10.0,313.0,3.13
2019,11,Rice,Kharif Grain,0.3,10.0,1946.0,19.46
2019,11,Wheat,Rabi Grain,0.3,10.0,1872.0,18.72
2019,11,Maize,Coarse Grain,0.3,10.0,1685.0,16.85
2019,11,Barley,Rabi Grain,0.3,10.0,1582.0,15.82
2019,11,Tur_Arhar,Pulse,0.3,10.0,5910.0,59.1
2019,11,Chana_Gram,Pulse,0.3,10.0,4140.0,41.4
2019,11,Moong,Pulse,0.3,10.0,6150.0,61.5
2019,11,Urad,Pulse,0.3,10.0,5670.0,56.7
2019,11,Soybean,Oilseed,0.3,10.0,4035.0,40.35
2019,11,Mustard,Oilseed,0.3,10.0,4430.0,44.3
2019,11,Groundnut,Oilseed,0.3,10.0,4910.0,49.1
2019,11,Sugarcane,Commercial,0.3,10.0,313.0,3.13
2019,12,Rice,Kharif Grain,0.3,10.0,1946.0,19.46
2019,12,Wheat,Rabi Grain,0.3,10.0,1872.0,18.72
2019,12,Maize,Coarse Grain,0.3,10.0,1685.0,16.85
2019,12,Barley,Rabi Grain,0.3,10.0,1582.0,15.82
2019,12,Tur_Arhar,Pulse,0.3,10.0,5910.0,59.1
2019,12,Chana_Gram,Pulse,0.3,10.0,4140.0,41.4
2019,12,Moong,Pulse,0.3,10.0,6150.0,61.5
2019,12,Urad,Pulse,0.3,10.0,5670.0,56.7
2019,12,Soybean,Oilseed,0.3,10.0,4035.0,40.35
2019,12,Mustard,Oilseed,0.3,10.0,4430.0,44.3
2019,12,Groundnut,Oilseed,0.3,10.0,4910.0,49.1
2019,12,Sugarcane,Commercial,0.3,10.0,313.0,3.13
2020,1,Rice,Kharif Grain,-0.9,8.8,2020.0,20.2
2020,1,Wheat,Rabi Grain,-0.9,8.8,1940.0,19.4
2020,1,Maize,Coarse Grain,-0.9,8.8,1750.0,17.5
2020,1,Barley,Rabi Grain,-0.9,8.8,1640.0,16.4
2020,1,Tur_Arhar,Pulse,-0.9,8.8,6150.0,61.5
2020,1,Chana_Gram,Pulse,-0.9,8.8,4300.0,43.0
2020,1,Moong,Pulse,-0.9,8.8,6400.0,64.0
2020,1,Urad,Pulse,-0.9,8.8,5900.0,59.0
2020,1,Soybean,Oilseed,-0.9,8.8,4200.0,42.0
2020,1,Mustard,Oilseed,-0.9,8.8,4600.0,46.0
2020,1,Groundnut,Oilseed,-0.9,8.8,5100.0,51.0
2020,1,Sugarcane,Commercial,-0.9,8.8,325.0,3.25
2020,2,Rice,Kharif Grain,-0.9,8.8,2020.0,20.2
2020,2,Wheat,Rabi Grain,-0.9,8.8,1940.0,19.4
2020,2,Maize,Coarse Grain,-0.9,8.8,1750.0,17.5
2020,2,Barley,Rabi Grain,-0.9,8.8,1640.0,16.4
2020,2,Tur_Arhar,Pulse,-0.9,8.8,6150.0,61.5
2020,2,Chana_Gram,Pulse,-0.9,8.8,4300.0,43.0
2020,2,Moong,Pulse,-0.9,8.8,6400.0,64.0
2020,2,Urad,Pulse,-0.9,8.8,5900.0,59.0
2020,2,Soybean,Oilseed,-0.9,8.8,4200.0,42.0
2020,2,Mustard,Oilseed,-0.9,8.8,4600.0,46.0
2020,2,Groundnut,Oilseed,-0.9,8.8,5100.0,51.0
2020,2,Sugarcane,Commercial,-0.9,8.8,325.0,3.25
2020,3,Rice,Kharif Grain,-0.9,8.8,2020.0,20.2
2020,3,Wheat,Rabi Grain,-0.9,8.8,1940.0,19.4
2020,3,Maize,Coarse Grain,-0.9,8.8,1750.0,17.5
2020,3,Barley,Rabi Grain,-0.9,8.8,1640.0,16.4
2020,3,Tur_Arhar,Pulse,-0.9,8.8,6150.0,61.5
2020,3,Chana_Gram,Pulse,-0.9,8.8,4300.0,43.0
2020,3,Moong,Pulse,-0.9,8.8,6400.0,64.0
2020,3,Urad,Pulse,-0.9,8.8,5900.0,59.0
2020,3,Soybean,Oilseed,-0.9,8.8,4200.0,42.0
2020,3,Mustard,Oilseed,-0.9,8.8,4600.0,46.0
2020,3,Groundnut,Oilseed,-0.9,8.8,5100.0,51.0
2020,3,Sugarcane,Commercial,-0.9,8.8,325.0,3.25
2020,4,Rice,Kharif Grain,-0.9,8.8,2020.0,20.2
2020,4,Wheat,Rabi Grain,-0.9,8.8,1940.0,19.4
2020,4,Maize,Coarse Grain,-0.9,8.8,1750.0,17.5
2020,4,Barley,Rabi Grain,-0.9,8.8,1640.0,16.4
2020,4,Tur_Arhar,Pulse,-0.9,8.8,6150.0,61.5
2020,4,Chana_Gram,Pulse,-0.9,8.8,4300.0,43.0
2020,4,Moong,Pulse,-0.9,8.8,6400.0,64.0
2020,4,Urad,Pulse,-0.9,8.8,5900.0,59.0
2020,4,Soybean,Oilseed,-0.9,8.8,4200.0,42.0
2020,4,Mustard,Oilseed,-0.9,8.8,4600.0,46.0
2020,4,Groundnut,Oilseed,-0.9,8.8,5100.0,51.0
2020,4,Sugarcane,Commercial,-0.9,8.8,325.0,3.25
2020,5,Rice,Kharif Grain,-0.9,8.8,2020.0,20.2
2020,5,Wheat,Rabi Grain,-0.9,8.8,1940.0,19.4
2020,5,Maize,Coarse Grain,-0.9,8.8,1750.0,17.5
2020,5,Barley,Rabi Grain,-0.9,8.8,1640.0,16.4
2020,5,Tur_Arhar,Pulse,-0.9,8.8,6150.0,61.5
2020,5,Chana_Gram,Pulse,-0.9,8.8,4300.0,43.0
2020,5,Moong,Pulse,-0.9,8.8,6400.0,64.0
2020,5,Urad,Pulse,-0.9,8.8,5900.0,59.0
2020,5,Soybean,Oilseed,-0.9,8.8,4200.0,42.0
2020,5,Mustard,Oilseed,-0.9,8.8,4600.0,46.0
2020,5,Groundnut,Oilseed,-0.9,8.8,5100.0,51.0
2020,5,Sugarcane,Commercial,-0.9,8.8,325.0,3.25
2020,6,Rice,Kharif Grain,-0.9,8.8,2020.0,20.2
2020,6,Wheat,Rabi Grain,-0.9,8.8,1940.0,19.4
2020,6,Maize,Coarse Grain,-0.9,8.8,1750.0,17.5
2020,6,Barley,Rabi Grain,-0.9,8.8,1640.0,16.4
2020,6,Tur_Arhar,Pulse,-0.9,8.8,6150.0,61.5
2020,6,Chana_Gram,Pulse,-0.9,8.8,4300.0,43.0
2020,6,Moong,Pulse,-0.9,8.8,6400.0,64.0
2020,6,Urad,Pulse,-0.9,8.8,5900.0,59.0
2020,6,Soybean,Oilseed,-0.9,8.8,4200.0,42.0
2020,6,Mustard,Oilseed,-0.9,8.8,4600.0,46.0
2020,6,Groundnut,Oilseed,-0.9,8.8,5100.0,51.0
2020,6,Sugarcane,Commercial,-0.9,8.8,325.0,3.25
2020,7,Rice,Kharif Grain,-0.9,8.8,2020.0,20.2
2020,7,Wheat,Rabi Grain,-0.9,8.8,1940.0,19.4
2020,7,Maize,Coarse Grain,-0.9,8.8,1750.0,17.5
2020,7,Barley,Rabi Grain,-0.9,8.8,1640.0,16.4
2020,7,Tur_Arhar,Pulse,-0.9,8.8,6150.0,61.5
2020,7,Chana_Gram,Pulse,-0.9,8.8,4300.0,43.0
2020,7,Moong,Pulse,-0.9,8.8,6400.0,64.0
2020,7,Urad,Pulse,-0.9,8.8,5900.0,59.0
2020,7,Soybean,Oilseed,-0.9,8.8,4200.0,42.0
2020,7,Mustard,Oilseed,-0.9,8.8,4600.0,46.0
2020,7,Groundnut,Oilseed,-0.9,8.8,5100.0,51.0
2020,7,Sugarcane,Commercial,-0.9,8.8,325.0,3.25
2020,8,Rice,Kharif Grain,-0.9,8.8,2020.0,20.2
2020,8,Wheat,Rabi Grain,-0.9,8.8,1940.0,19.4
2020,8,Maize,Coarse Grain,-0.9,8.8,1750.0,17.5
2020,8,Barley,Rabi Grain,-0.9,8.8,1640.0,16.4
2020,8,Tur_Arhar,Pulse,-0.9,8.8,6150.0,61.5
2020,8,Chana_Gram,Pulse,-0.9,8.8,4300.0,43.0
2020,8,Moong,Pulse,-0.9,8.8,6400.0,64.0
2020,8,Urad,Pulse,-0.9,8.8,5900.0,59.0
2020,8,Soybean,Oilseed,-0.9,8.8,4200.0,42.0
2020,8,Mustard,Oilseed,-0.9,8.8,4600.0,46.0
2020,8,Groundnut,Oilseed,-0.9,8.8,5100.0,51.0
2020,8,Sugarcane,Commercial,-0.9,8.8,325.0,3.25
2020,9,Rice,Kharif Grain,-0.9,8.8,2020.0,20.2
2020,9,Wheat,Rabi Grain,-0.9,8.8,1940.0,19.4
2020,9,Maize,Coarse Grain,-0.9,8.8,1750.0,17.5
2020,9,Barley,Rabi Grain,-0.9,8.8,1640.0,16.4
2020,9,Tur_Arhar,Pulse,-0.9,8.8,6150.0,61.5
2020,9,Chana_Gram,Pulse,-0.9,8.8,4300.0,43.0
2020,9,Moong,Pulse,-0.9,8.8,6400.0,64.0
2020,9,Urad,Pulse,-0.9,8.8,5900.0,59.0
2020,9,Soybean,Oilseed,-0.9,8.8,4200.0,42.0
2020,9,Mustard,Oilseed,-0.9,8.8,4600.0,46.0
2020,9,Groundnut,Oilseed,-0.9,8.8,5100.0,51.0
2020,9,Sugarcane,Commercial,-0.9,8.8,325.0,3.25
2020,10,Rice,Kharif Grain,-0.9,8.8,2020.0,20.2
2020,10,Wheat,Rabi Grain,-0.9,8.8,1940.0,19.4
2020,10,Maize,Coarse Grain,-0.9,8.8,1750.0,17.5
2020,10,Barley,Rabi Grain,-0.9,8.8,1640.0,16.4
2020,10,Tur_Arhar,Pulse,-0.9,8.8,6150.0,61.5
2020,10,Chana_Gram,Pulse,-0.9,8.8,4300.0,43.0
2020,10,Moong,Pulse,-0.9,8.8,6400.0,64.0
2020,10,Urad,Pulse,-0.9,8.8,5900.0,59.0
2020,10,Soybean,Oilseed,-0.9,8.8,4200.0,42.0
2020,10,Mustard,Oilseed,-0.9,8.8,4600.0,46.0
2020,10,Groundnut,Oilseed,-0.9,8.8,5100.0,51.0
2020,10,Sugarcane,Commercial,-0.9,8.8,325.0,3.25
2020,11,Rice,Kharif Grain,-0.9,8.8,2020.0,20.2
2020,11,Wheat,Rabi Grain,-0.9,8.8,1940.0,19.4
2020,11,Maize,Coarse Grain,-0.9,8.8,1750.0,17.5
2020,11,Barley,Rabi Grain,-0.9,8.8,1640.0,16.4
2020,11,Tur_Arhar,Pulse,-0.9,8.8,6150.0,61.5
2020,11,Chana_Gram,Pulse,-0.9,8.8,4300.0,43.0
2020,11,Moong,Pulse,-0.9,8.8,6400.0,64.0
2020,11,Urad,Pulse,-0.9,8.8,5900.0,59.0
2020,11,Soybean,Oilseed,-0.9,8.8,4200.0,42.0
2020,11,Mustard,Oilseed,-0.9,8.8,4600.0,46.0
2020,11,Groundnut,Oilseed,-0.9,8.8,5100.0,51.0
2020,11,Sugarcane,Commercial,-0.9,8.8,325.0,3.25
2020,12,Rice,Kharif Grain,-0.9,8.8,2020.0,20.2
2020,12,Wheat,Rabi Grain,-0.9,8.8,1940.0,19.4
2020,12,Maize,Coarse Grain,-0.9,8.8,1750.0,17.5
2020,12,Barley,Rabi Grain,-0.9,8.8,1640.0,16.4
2020,12,Tur_Arhar,Pulse,-0.9,8.8,6150.0,61.5
2020,12,Chana_Gram,Pulse,-0.9,8.8,4300.0,43.0
2020,12,Moong,Pulse,-0.9,8.8,6400.0,64.0
2020,12,Urad,Pulse,-0.9,8.8,5900.0,59.0
2020,12,Soybean,Oilseed,-0.9,8.8,4200.0,42.0
2020,12,Mustard,Oilseed,-0.9,8.8,4600.0,46.0
2020,12,Groundnut,Oilseed,-0.9,8.8,5100.0,51.0
2020,12,Sugarcane,Commercial,-0.9,8.8,325.0,3.25
2021,1,Rice,Kharif Grain,-0.6,-0.7,2094.0,20.94
2021,1,Wheat,Rabi Grain,-0.6,-0.7,2008.0,20.08
2021,1,Maize,Coarse Grain,-0.6,-0.7,1815.0,18.15
2021,1,Barley,Rabi Grain,-0.6,-0.7,1698.0,16.98
2021,1,Tur_Arhar,Pulse,-0.6,-0.7,6390.0,63.9
2021,1,Chana_Gram,Pulse,-0.6,-0.7,4460.0,44.6
2021,1,Moong,Pulse,-0.6,-0.7,6650.0,66.5
2021,1,Urad,Pulse,-0.6,-0.7,6130.0,61.3
2021,1,Soybean,Oilseed,-0.6,-0.7,4365.0,43.65
2021,1,Mustard,Oilseed,-0.6,-0.7,4770.0,47.7
2021,1,Groundnut,Oilseed,-0.6,-0.7,5290.0,52.9
2021,1,Sugarcane,Commercial,-0.6,-0.7,337.0,3.37
2021,2,Rice,Kharif Grain,-0.6,-0.7,2094.0,20.94
2021,2,Wheat,Rabi Grain,-0.6,-0.7,2008.0,20.08
2021,2,Maize,Coarse Grain,-0.6,-0.7,1815.0,18.15
2021,2,Barley,Rabi Grain,-0.6,-0.7,1698.0,16.98
2021,2,Tur_Arhar,Pulse,-0.6,-0.7,6390.0,63.9
2021,2,Chana_Gram,Pulse,-0.6,-0.7,4460.0,44.6
2021,2,Moong,Pulse,-0.6,-0.7,6650.0,66.5
2021,2,Urad,Pulse,-0.6,-0.7,6130.0,61.3
2021,2,Soybean,Oilseed,-0.6,-0.7,4365.0,43.65
2021,2,Mustard,Oilseed,-0.6,-0.7,4770.0,47.7
2021,2,Groundnut,Oilseed,-0.6,-0.7,5290.0,52.9
2021,2,Sugarcane,Commercial,-0.6,-0.7,337.0,3.37
2021,3,Rice,Kharif Grain,-0.6,-0.7,2094.0,20.94
2021,3,Wheat,Rabi Grain,-0.6,-0.7,2008.0,20.08
2021,3,Maize,Coarse Grain,-0.6,-0.7,1815.0,18.15
2021,3,Barley,Rabi Grain,-0.6,-0.7,1698.0,16.98
2021,3,Tur_Arhar,Pulse,-0.6,-0.7,6390.0,63.9
2021,3,Chana_Gram,Pulse,-0.6,-0.7,4460.0,44.6
2021,3,Moong,Pulse,-0.6,-0.7,6650.0,66.5
2021,3,Urad,Pulse,-0.6,-0.7,6130.0,61.3
2021,3,Soybean,Oilseed,-0.6,-0.7,4365.0,43.65
2021,3,Mustard,Oilseed,-0.6,-0.7,4770.0,47.7
2021,3,Groundnut,Oilseed,-0.6,-0.7,5290.0,52.9
2021,3,Sugarcane,Commercial,-0.6,-0.7,337.0,3.37
2021,4,Rice,Kharif Grain,-0.6,-0.7,2094.0,20.94
2021,4,Wheat,Rabi Grain,-0.6,-0.7,2008.0,20.08
2021,4,Maize,Coarse Grain,-0.6,-0.7,1815.0,18.15
2021,4,Barley,Rabi Grain,-0.6,-0.7,1698.0,16.98
2021,4,Tur_Arhar,Pulse,-0.6,-0.7,6390.0,63.9
2021,4,Chana_Gram,Pulse,-0.6,-0.7,4460.0,44.6
2021,4,Moong,Pulse,-0.6,-0.7,6650.0,66.5
2021,4,Urad,Pulse,-0.6,-0.7,6130.0,61.3
2021,4,Soybean,Oilseed,-0.6,-0.7,4365.0,43.65
2021,4,Mustard,Oilseed,-0.6,-0.7,4770.0,47.7
2021,4,Groundnut,Oilseed,-0.6,-0.7,5290.0,52.9
2021,4,Sugarcane,Commercial,-0.6,-0.7,337.0,3.37
2021,5,Rice,Kharif Grain,-0.6,-0.7,2094.0,20.94
2021,5,Wheat,Rabi Grain,-0.6,-0.7,2008.0,20.08
2021,5,Maize,Coarse Grain,-0.6,-0.7,1815.0,18.15
2021,5,Barley,Rabi Grain,-0.6,-0.7,1698.0,16.98
2021,5,Tur_Arhar,Pulse,-0.6,-0.7,6390.0,63.9
2021,5,Chana_Gram,Pulse,-0.6,-0.7,4460.0,44.6
2021,5,Moong,Pulse,-0.6,-0.7,6650.0,66.5
2021,5,Urad,Pulse,-0.6,-0.7,6130.0,61.3
2021,5,Soybean,Oilseed,-0.6,-0.7,4365.0,43.65
2021,5,Mustard,Oilseed,-0.6,-0.7,4770.0,47.7
2021,5,Groundnut,Oilseed,-0.6,-0.7,5290.0,52.9
2021,5,Sugarcane,Commercial,-0.6,-0.7,337.0,3.37
2021,6,Rice,Kharif Grain,-0.6,-0.7,2094.0,20.94
2021,6,Wheat,Rabi Grain,-0.6,-0.7,2008.0,20.08
2021,6,Maize,Coarse Grain,-0.6,-0.7,1815.0,18.15
2021,6,Barley,Rabi Grain,-0.6,-0.7,1698.0,16.98
2021,6,Tur_Arhar,Pulse,-0.6,-0.7,6390.0,63.9
2021,6,Chana_Gram,Pulse,-0.6,-0.7,4460.0,44.6
2021,6,Moong,Pulse,-0.6,-0.7,6650.0,66.5
2021,6,Urad,Pulse,-0.6,-0.7,6130.0,61.3
2021,6,Soybean,Oilseed,-0.6,-0.7,4365.0,43.65
2021,6,Mustard,Oilseed,-0.6,-0.7,4770.0,47.7
2021,6,Groundnut,Oilseed,-0.6,-0.7,5290.0,52.9
2021,6,Sugarcane,Commercial,-0.6,-0.7,337.0,3.37
2021,7,Rice,Kharif Grain,-0.6,-0.7,2094.0,20.94
2021,7,Wheat,Rabi Grain,-0.6,-0.7,2008.0,20.08
2021,7,Maize,Coarse Grain,-0.6,-0.7,1815.0,18.15
2021,7,Barley,Rabi Grain,-0.6,-0.7,1698.0,16.98
2021,7,Tur_Arhar,Pulse,-0.6,-0.7,6390.0,63.9
2021,7,Chana_Gram,Pulse,-0.6,-0.7,4460.0,44.6
2021,7,Moong,Pulse,-0.6,-0.7,6650.0,66.5
2021,7,Urad,Pulse,-0.6,-0.7,6130.0,61.3
2021,7,Soybean,Oilseed,-0.6,-0.7,4365.0,43.65
2021,7,Mustard,Oilseed,-0.6,-0.7,4770.0,47.7
2021,7,Groundnut,Oilseed,-0.6,-0.7,5290.0,52.9
2021,7,Sugarcane,Commercial,-0.6,-0.7,337.0,3.37
2021,8,Rice,Kharif Grain,-0.6,-0.7,2094.0,20.94
2021,8,Wheat,Rabi Grain,-0.6,-0.7,2008.0,20.08
2021,8,Maize,Coarse Grain,-0.6,-0.7,1815.0,18.15
2021,8,Barley,Rabi Grain,-0.6,-0.7,1698.0,16.98
2021,8,Tur_Arhar,Pulse,-0.6,-0.7,6390.0,63.9
2021,8,Chana_Gram,Pulse,-0.6,-0.7,4460.0,44.6
2021,8,Moong,Pulse,-0.6,-0.7,6650.0,66.5
2021,8,Urad,Pulse,-0.6,-0.7,6130.0,61.3
2021,8,Soybean,Oilseed,-0.6,-0.7,4365.0,43.65
2021,8,Mustard,Oilseed,-0.6,-0.7,4770.0,47.7
2021,8,Groundnut,Oilseed,-0.6,-0.7,5290.0,52.9
2021,8,Sugarcane,Commercial,-0.6,-0.7,337.0,3.37
2021,9,Rice,Kharif Grain,-0.6,-0.7,2094.0,20.94
2021,9,Wheat,Rabi Grain,-0.6,-0.7,2008.0,20.08
2021,9,Maize,Coarse Grain,-0.6,-0.7,1815.0,18.15
2021,9,Barley,Rabi Grain,-0.6,-0.7,1698.0,16.98
2021,9,Tur_Arhar,Pulse,-0.6,-0.7,6390.0,63.9
2021,9,Chana_Gram,Pulse,-0.6,-0.7,4460.0,44.6
2021,9,Moong,Pulse,-0.6,-0.7,6650.0,66.5
2021,9,Urad,Pulse,-0.6,-0.7,6130.0,61.3
2021,9,Soybean,Oilseed,-0.6,-0.7,4365.0,43.65
2021,9,Mustard,Oilseed,-0.6,-0.7,4770.0,47.7
2021,9,Groundnut,Oilseed,-0.6,-0.7,5290.0,52.9
2021,9,Sugarcane,Commercial,-0.6,-0.7,337.0,3.37
2021,10,Rice,Kharif Grain,-0.6,-0.7,2094.0,20.94
2021,10,Wheat,Rabi Grain,-0.6,-0.7,2008.0,20.08
2021,10,Maize,Coarse Grain,-0.6,-0.7,1815.0,18.15
2021,10,Barley,Rabi Grain,-0.6,-0.7,1698.0,16.98
2021,10,Tur_Arhar,Pulse,-0.6,-0.7,6390.0,63.9
2021,10,Chana_Gram,Pulse,-0.6,-0.7,4460.0,44.6
2021,10,Moong,Pulse,-0.6,-0.7,6650.0,66.5
2021,10,Urad,Pulse,-0.6,-0.7,6130.0,61.3
2021,10,Soybean,Oilseed,-0.6,-0.7,4365.0,43.65
2021,10,Mustard,Oilseed,-0.6,-0.7,4770.0,47.7
2021,10,Groundnut,Oilseed,-0.6,-0.7,5290.0,52.9
2021,10,Sugarcane,Commercial,-0.6,-0.7,337.0,3.37
2021,11,Rice,Kharif Grain,-0.6,-0.7,2094.0,20.94
2021,11,Wheat,Rabi Grain,-0.6,-0.7,2008.0,20.08
2021,11,Maize,Coarse Grain,-0.6,-0.7,1815.0,18.15
2021,11,Barley,Rabi Grain,-0.6,-0.7,1698.0,16.98
2021,11,Tur_Arhar,Pulse,-0.6,-0.7,6390.0,63.9
2021,11,Chana_Gram,Pulse,-0.6,-0.7,4460.0,44.6
2021,11,Moong,Pulse,-0.6,-0.7,6650.0,66.5
2021,11,Urad,Pulse,-0.6,-0.7,6130.0,61.3
2021,11,Soybean,Oilseed,-0.6,-0.7,4365.0,43.65
2021,11,Mustard,Oilseed,-0.6,-0.7,4770.0,47.7
2021,11,Groundnut,Oilseed,-0.6,-0.7,5290.0,52.9
2021,11,Sugarcane,Commercial,-0.6,-0.7,337.0,3.37
2021,12,Rice,Kharif Grain,-0.6,-0.7,2094.0,20.94
2021,12,Wheat,Rabi Grain,-0.6,-0.7,2008.0,20.08
2021,12,Maize,Coarse Grain,-0.6,-0.7,1815.0,18.15
2021,12,Barley,Rabi Grain,-0.6,-0.7,1698.0,16.98
2021,12,Tur_Arhar,Pulse,-0.6,-0.7,6390.0,63.9
2021,12,Chana_Gram,Pulse,-0.6,-0.7,4460.0,44.6
2021,12,Moong,Pulse,-0.6,-0.7,6650.0,66.5
2021,12,Urad,Pulse,-0.6,-0.7,6130.0,61.3
2021,12,Soybean,Oilseed,-0.6,-0.7,4365.0,43.65
2021,12,Mustard,Oilseed,-0.6,-0.7,4770.0,47.7
2021,12,Groundnut,Oilseed,-0.6,-0.7,5290.0,52.9
2021,12,Sugarcane,Commercial,-0.6,-0.7,337.0,3.37
2022,1,Rice,Kharif Grain,-1.0,6.5,2168.0,21.68
2022,1,Wheat,Rabi Grain,-1.0,6.5,2076.0,20.76
2022,1,Maize,Coarse Grain,-1.0,6.5,1880.0,18.8
2022,1,Barley,Rabi Grain,-1.0,6.5,1756.0,17.56
2022,1,Tur_Arhar,Pulse,-1.0,6.5,6630.0,66.3
2022,1,Chana_Gram,Pulse,-1.0,6.5,4620.0,46.2
2022,1,Moong,Pulse,-1.0,6.5,6900.0,69.0
2022,1,Urad,Pulse,-1.0,6.5,6360.0,63.6
2022,1,Soybean,Oilseed,-1.0,6.5,4530.0,45.3
2022,1,Mustard,Oilseed,-1.0,6.5,4940.0,49.4
2022,1,Groundnut,Oilseed,-1.0,6.5,5480.0,54.8
2022,1,Sugarcane,Commercial,-1.0,6.5,349.0,3.49
2022,2,Rice,Kharif Grain,-1.0,6.5,2168.0,21.68
2022,2,Wheat,Rabi Grain,-1.0,6.5,2076.0,20.76
2022,2,Maize,Coarse Grain,-1.0,6.5,1880.0,18.8
2022,2,Barley,Rabi Grain,-1.0,6.5,1756.0,17.56
2022,2,Tur_Arhar,Pulse,-1.0,6.5,6630.0,66.3
2022,2,Chana_Gram,Pulse,-1.0,6.5,4620.0,46.2
2022,2,Moong,Pulse,-1.0,6.5,6900.0,69.0
2022,2,Urad,Pulse,-1.0,6.5,6360.0,63.6
2022,2,Soybean,Oilseed,-1.0,6.5,4530.0,45.3
2022,2,Mustard,Oilseed,-1.0,6.5,4940.0,49.4
2022,2,Groundnut,Oilseed,-1.0,6.5,5480.0,54.8
2022,2,Sugarcane,Commercial,-1.0,6.5,349.0,3.49
2022,3,Rice,Kharif Grain,-1.0,6.5,2168.0,21.68
2022,3,Wheat,Rabi Grain,-1.0,6.5,2076.0,20.76
2022,3,Maize,Coarse Grain,-1.0,6.5,1880.0,18.8
2022,3,Barley,Rabi Grain,-1.0,6.5,1756.0,17.56
2022,3,Tur_Arhar,Pulse,-1.0,6.5,6630.0,66.3
2022,3,Chana_Gram,Pulse,-1.0,6.5,4620.0,46.2
2022,3,Moong,Pulse,-1.0,6.5,6900.0,69.0
2022,3,Urad,Pulse,-1.0,6.5,6360.0,63.6
2022,3,Soybean,Oilseed,-1.0,6.5,4530.0,45.3
2022,3,Mustard,Oilseed,-1.0,6.5,4940.0,49.4
2022,3,Groundnut,Oilseed,-1.0,6.5,5480.0,54.8
2022,3,Sugarcane,Commercial,-1.0,6.5,349.0,3.49
2022,4,Rice,Kharif Grain,-1.0,6.5,2168.0,21.68
2022,4,Wheat,Rabi Grain,-1.0,6.5,2076.0,20.76
2022,4,Maize,Coarse Grain,-1.0,6.5,1880.0,18.8
2022,4,Barley,Rabi Grain,-1.0,6.5,1756.0,17.56
2022,4,Tur_Arhar,Pulse,-1.0,6.5,6630.0,66.3
2022,4,Chana_Gram,Pulse,-1.0,6.5,4620.0,46.2
2022,4,Moong,Pulse,-1.0,6.5,6900.0,69.0
2022,4,Urad,Pulse,-1.0,6.5,6360.0,63.6
2022,4,Soybean,Oilseed,-1.0,6.5,4530.0,45.3
2022,4,Mustard,Oilseed,-1.0,6.5,4940.0,49.4
2022,4,Groundnut,Oilseed,-1.0,6.5,5480.0,54.8
2022,4,Sugarcane,Commercial,-1.0,6.5,349.0,3.49
2022,5,Rice,Kharif Grain,-1.0,6.5,2168.0,21.68
2022,5,Wheat,Rabi Grain,-1.0,6.5,2076.0,20.76
2022,5,Maize,Coarse Grain,-1.0,6.5,1880.0,18.8
2022,5,Barley,Rabi Grain,-1.0,6.5,1756.0,17.56
2022,5,Tur_Arhar,Pulse,-1.0,6.5,6630.0,66.3
2022,5,Chana_Gram,Pulse,-1.0,6.5,4620.0,46.2
2022,5,Moong,Pulse,-1.0,6.5,6900.0,69.0
2022,5,Urad,Pulse,-1.0,6.5,6360.0,63.6
2022,5,Soybean,Oilseed,-1.0,6.5,4530.0,45.3
2022,5,Mustard,Oilseed,-1.0,6.5,4940.0,49.4
2022,5,Groundnut,Oilseed,-1.0,6.5,5480.0,54.8
2022,5,Sugarcane,Commercial,-1.0,6.5,349.0,3.49
2022,6,Rice,Kharif Grain,-1.0,6.5,2168.0,21.68
2022,6,Wheat,Rabi Grain,-1.0,6.5,2076.0,20.76
2022,6,Maize,Coarse Grain,-1.0,6.5,1880.0,18.8
2022,6,Barley,Rabi Grain,-1.0,6.5,1756.0,17.56
2022,6,Tur_Arhar,Pulse,-1.0,6.5,6630.0,66.3
2022,6,Chana_Gram,Pulse,-1.0,6.5,4620.0,46.2
2022,6,Moong,Pulse,-1.0,6.5,6900.0,69.0
2022,6,Urad,Pulse,-1.0,6.5,6360.0,63.6
2022,6,Soybean,Oilseed,-1.0,6.5,4530.0,45.3
2022,6,Mustard,Oilseed,-1.0,6.5,4940.0,49.4
2022,6,Groundnut,Oilseed,-1.0,6.5,5480.0,54.8
2022,6,Sugarcane,Commercial,-1.0,6.5,349.0,3.49
2022,7,Rice,Kharif Grain,-1.0,6.5,2168.0,21.68
2022,7,Wheat,Rabi Grain,-1.0,6.5,2076.0,20.76
2022,7,Maize,Coarse Grain,-1.0,6.5,1880.0,18.8
2022,7,Barley,Rabi Grain,-1.0,6.5,1756.0,17.56
2022,7,Tur_Arhar,Pulse,-1.0,6.5,6630.0,66.3
2022,7,Chana_Gram,Pulse,-1.0,6.5,4620.0,46.2
2022,7,Moong,Pulse,-1.0,6.5,6900.0,69.0
2022,7,Urad,Pulse,-1.0,6.5,6360.0,63.6
2022,7,Soybean,Oilseed,-1.0,6.5,4530.0,45.3
2022,7,Mustard,Oilseed,-1.0,6.5,4940.0,49.4
2022,7,Groundnut,Oilseed,-1.0,6.5,5480.0,54.8
2022,7,Sugarcane,Commercial,-1.0,6.5,349.0,3.49
2022,8,Rice,Kharif Grain,-1.0,6.5,2168.0,21.68
2022,8,Wheat,Rabi Grain,-1.0,6.5,2076.0,20.76
2022,8,Maize,Coarse Grain,-1.0,6.5,1880.0,18.8
2022,8,Barley,Rabi Grain,-1.0,6.5,1756.0,17.56
2022,8,Tur_Arhar,Pulse,-1.0,6.5,6630.0,66.3
2022,8,Chana_Gram,Pulse,-1.0,6.5,4620.0,46.2
2022,8,Moong,Pulse,-1.0,6.5,6900.0,69.0
2022,8,Urad,Pulse,-1.0,6.5,6360.0,63.6
2022,8,Soybean,Oilseed,-1.0,6.5,4530.0,45.3
2022,8,Mustard,Oilseed,-1.0,6.5,4940.0,49.4
2022,8,Groundnut,Oilseed,-1.0,6.5,5480.0,54.8
2022,8,Sugarcane,Commercial,-1.0,6.5,349.0,3.49
2022,9,Rice,Kharif Grain,-1.0,6.5,2168.0,21.68
2022,9,Wheat,Rabi Grain,-1.0,6.5,2076.0,20.76
2022,9,Maize,Coarse Grain,-1.0,6.5,1880.0,18.8
2022,9,Barley,Rabi Grain,-1.0,6.5,1756.0,17.56
2022,9,Tur_Arhar,Pulse,-1.0,6.5,6630.0,66.3
2022,9,Chana_Gram,Pulse,-1.0,6.5,4620.0,46.2
2022,9,Moong,Pulse,-1.0,6.5,6900.0,69.0
2022,9,Urad,Pulse,-1.0,6.5,6360.0,63.6
2022,9,Soybean,Oilseed,-1.0,6.5,4530.0,45.3
2022,9,Mustard,Oilseed,-1.0,6.5,4940.0,49.4
2022,9,Groundnut,Oilseed,-1.0,6.5,5480.0,54.8
2022,9,Sugarcane,Commercial,-1.0,6.5,349.0,3.49
2022,10,Rice,Kharif Grain,-1.0,6.5,2168.0,21.68
2022,10,Wheat,Rabi Grain,-1.0,6.5,2076.0,20.76
2022,10,Maize,Coarse Grain,-1.0,6.5,1880.0,18.8
2022,10,Barley,Rabi Grain,-1.0,6.5,1756.0,17.56
2022,10,Tur_Arhar,Pulse,-1.0,6.5,6630.0,66.3
2022,10,Chana_Gram,Pulse,-1.0,6.5,4620.0,46.2
2022,10,Moong,Pulse,-1.0,6.5,6900.0,69.0
2022,10,Urad,Pulse,-1.0,6.5,6360.0,63.6
2022,10,Soybean,Oilseed,-1.0,6.5,4530.0,45.3
2022,10,Mustard,Oilseed,-1.0,6.5,4940.0,49.4
2022,10,Groundnut,Oilseed,-1.0,6.5,5480.0,54.8
2022,10,Sugarcane,Commercial,-1.0,6.5,349.0,3.49
2022,11,Rice,Kharif Grain,-1.0,6.5,2168.0,21.68
2022,11,Wheat,Rabi Grain,-1.0,6.5,2076.0,20.76
2022,11,Maize,Coarse Grain,-1.0,6.5,1880.0,18.8
2022,11,Barley,Rabi Grain,-1.0,6.5,1756.0,17.56
2022,11,Tur_Arhar,Pulse,-1.0,6.5,6630.0,66.3
2022,11,Chana_Gram,Pulse,-1.0,6.5,4620.0,46.2
2022,11,Moong,Pulse,-1.0,6.5,6900.0,69.0
2022,11,Urad,Pulse,-1.0,6.5,6360.0,63.6
2022,11,Soybean,Oilseed,-1.0,6.5,4530.0,45.3
2022,11,Mustard,Oilseed,-1.0,6.5,4940.0,49.4
2022,11,Groundnut,Oilseed,-1.0,6.5,5480.0,54.8
2022,11,Sugarcane,Commercial,-1.0,6.5,349.0,3.49
2022,12,Rice,Kharif Grain,-1.0,6.5,2168.0,21.68
2022,12,Wheat,Rabi Grain,-1.0,6.5,2076.0,20.76
2022,12,Maize,Coarse Grain,-1.0,6.5,1880.0,18.8
2022,12,Barley,Rabi Grain,-1.0,6.5,1756.0,17.56
2022,12,Tur_Arhar,Pulse,-1.0,6.5,6630.0,66.3
2022,12,Chana_Gram,Pulse,-1.0,6.5,4620.0,46.2
2022,12,Moong,Pulse,-1.0,6.5,6900.0,69.0
2022,12,Urad,Pulse,-1.0,6.5,6360.0,63.6
2022,12,Soybean,Oilseed,-1.0,6.5,4530.0,45.3
2022,12,Mustard,Oilseed,-1.0,6.5,4940.0,49.4
2022,12,Groundnut,Oilseed,-1.0,6.5,5480.0,54.8
2022,12,Sugarcane,Commercial,-1.0,6.5,349.0,3.49
2023,1,Rice,Kharif Grain,1.6,-5.6,2367.6,23.68
2023,1,Wheat,Rabi Grain,1.6,-5.6,2222.0,22.22
2023,1,Maize,Coarse Grain,1.6,-5.6,2070.3,20.7
2023,1,Barley,Rabi Grain,1.6,-5.6,1885.1,18.85
2023,1,Tur_Arhar,Pulse,1.6,-5.6,7543.3,75.43
2023,1,Chana_Gram,Pulse,1.6,-5.6,5007.5,50.08
2023,1,Moong,Pulse,1.6,-5.6,7790.6,77.91
2023,1,Urad,Pulse,1.6,-5.6,7198.9,71.99
2023,1,Soybean,Oilseed,1.6,-5.6,5194.5,51.95
2023,1,Mustard,Oilseed,1.6,-5.6,5324.6,53.25
2023,1,Groundnut,Oilseed,1.6,-5.6,6130.4,61.3
2023,1,Sugarcane,Commercial,1.6,-5.6,379.2,3.79
2023,2,Rice,Kharif Grain,1.6,-5.6,2367.6,23.68
2023,2,Wheat,Rabi Grain,1.6,-5.6,2222.0,22.22
2023,2,Maize,Coarse Grain,1.6,-5.6,2070.3,20.7
2023,2,Barley,Rabi Grain,1.6,-5.6,1885.1,18.85
2023,2,Tur_Arhar,Pulse,1.6,-5.6,7543.3,75.43
2023,2,Chana_Gram,Pulse,1.6,-5.6,5007.5,50.08
2023,2,Moong,Pulse,1.6,-5.6,7790.6,77.91
2023,2,Urad,Pulse,1.6,-5.6,7198.9,71.99
2023,2,Soybean,Oilseed,1.6,-5.6,5194.5,51.95
2023,2,Mustard,Oilseed,1.6,-5.6,5324.6,53.25
2023,2,Groundnut,Oilseed,1.6,-5.6,6130.4,61.3
2023,2,Sugarcane,Commercial,1.6,-5.6,379.2,3.79
2023,3,Rice,Kharif Grain,1.6,-5.6,2367.6,23.68
2023,3,Wheat,Rabi Grain,1.6,-5.6,2222.0,22.22
2023,3,Maize,Coarse Grain,1.6,-5.6,2070.3,20.7
2023,3,Barley,Rabi Grain,1.6,-5.6,1885.1,18.85
2023,3,Tur_Arhar,Pulse,1.6,-5.6,7543.3,75.43
2023,3,Chana_Gram,Pulse,1.6,-5.6,5007.5,50.08
2023,3,Moong,Pulse,1.6,-5.6,7790.6,77.91
2023,3,Urad,Pulse,1.6,-5.6,7198.9,71.99
2023,3,Soybean,Oilseed,1.6,-5.6,5194.5,51.95
2023,3,Mustard,Oilseed,1.6,-5.6,5324.6,53.25
2023,3,Groundnut,Oilseed,1.6,-5.6,6130.4,61.3
2023,3,Sugarcane,Commercial,1.6,-5.6,379.2,3.79
2023,4,Rice,Kharif Grain,1.6,-5.6,2367.6,23.68
2023,4,Wheat,Rabi Grain,1.6,-5.6,2222.0,22.22
2023,4,Maize,Coarse Grain,1.6,-5.6,2070.3,20.7
2023,4,Barley,Rabi Grain,1.6,-5.6,1885.1,18.85
2023,4,Tur_Arhar,Pulse,1.6,-5.6,7543.3,75.43
2023,4,Chana_Gram,Pulse,1.6,-5.6,5007.5,50.08
2023,4,Moong,Pulse,1.6,-5.6,7790.6,77.91
2023,4,Urad,Pulse,1.6,-5.6,7198.9,71.99
2023,4,Soybean,Oilseed,1.6,-5.6,5194.5,51.95
2023,4,Mustard,Oilseed,1.6,-5.6,5324.6,53.25
2023,4,Groundnut,Oilseed,1.6,-5.6,6130.4,61.3
2023,4,Sugarcane,Commercial,1.6,-5.6,379.2,3.79
2023,5,Rice,Kharif Grain,1.6,-5.6,2367.6,23.68
2023,5,Wheat,Rabi Grain,1.6,-5.6,2222.0,22.22
2023,5,Maize,Coarse Grain,1.6,-5.6,2070.3,20.7
2023,5,Barley,Rabi Grain,1.6,-5.6,1885.1,18.85
2023,5,Tur_Arhar,Pulse,1.6,-5.6,7543.3,75.43
2023,5,Chana_Gram,Pulse,1.6,-5.6,5007.5,50.08
2023,5,Moong,Pulse,1.6,-5.6,7790.6,77.91
2023,5,Urad,Pulse,1.6,-5.6,7198.9,71.99
2023,5,Soybean,Oilseed,1.6,-5.6,5194.5,51.95
2023,5,Mustard,Oilseed,1.6,-5.6,5324.6,53.25
2023,5,Groundnut,Oilseed,1.6,-5.6,6130.4,61.3
2023,5,Sugarcane,Commercial,1.6,-5.6,379.2,3.79
2023,6,Rice,Kharif Grain,1.6,-5.6,2367.6,23.68
2023,6,Wheat,Rabi Grain,1.6,-5.6,2222.0,22.22
2023,6,Maize,Coarse Grain,1.6,-5.6,2070.3,20.7
2023,6,Barley,Rabi Grain,1.6,-5.6,1885.1,18.85
2023,6,Tur_Arhar,Pulse,1.6,-5.6,7543.3,75.43
2023,6,Chana_Gram,Pulse,1.6,-5.6,5007.5,50.08
2023,6,Moong,Pulse,1.6,-5.6,7790.6,77.91
2023,6,Urad,Pulse,1.6,-5.6,7198.9,71.99
2023,6,Soybean,Oilseed,1.6,-5.6,5194.5,51.95
2023,6,Mustard,Oilseed,1.6,-5.6,5324.6,53.25
2023,6,Groundnut,Oilseed,1.6,-5.6,6130.4,61.3
2023,6,Sugarcane,Commercial,1.6,-5.6,379.2,3.79
2023,7,Rice,Kharif Grain,1.6,-5.6,2367.6,23.68
2023,7,Wheat,Rabi Grain,1.6,-5.6,2222.0,22.22
2023,7,Maize,Coarse Grain,1.6,-5.6,2070.3,20.7
2023,7,Barley,Rabi Grain,1.6,-5.6,1885.1,18.85
2023,7,Tur_Arhar,Pulse,1.6,-5.6,7543.3,75.43
2023,7,Chana_Gram,Pulse,1.6,-5.6,5007.5,50.08
2023,7,Moong,Pulse,1.6,-5.6,7790.6,77.91
2023,7,Urad,Pulse,1.6,-5.6,7198.9,71.99
2023,7,Soybean,Oilseed,1.6,-5.6,5194.5,51.95
2023,7,Mustard,Oilseed,1.6,-5.6,5324.6,53.25
2023,7,Groundnut,Oilseed,1.6,-5.6,6130.4,61.3
2023,7,Sugarcane,Commercial,1.6,-5.6,379.2,3.79
2023,8,Rice,Kharif Grain,1.6,-5.6,2367.6,23.68
2023,8,Wheat,Rabi Grain,1.6,-5.6,2222.0,22.22
2023,8,Maize,Coarse Grain,1.6,-5.6,2070.3,20.7
2023,8,Barley,Rabi Grain,1.6,-5.6,1885.1,18.85
2023,8,Tur_Arhar,Pulse,1.6,-5.6,7543.3,75.43
2023,8,Chana_Gram,Pulse,1.6,-5.6,5007.5,50.08
2023,8,Moong,Pulse,1.6,-5.6,7790.6,77.91
2023,8,Urad,Pulse,1.6,-5.6,7198.9,71.99
2023,8,Soybean,Oilseed,1.6,-5.6,5194.5,51.95
2023,8,Mustard,Oilseed,1.6,-5.6,5324.6,53.25
2023,8,Groundnut,Oilseed,1.6,-5.6,6130.4,61.3
2023,8,Sugarcane,Commercial,1.6,-5.6,379.2,3.79
2023,9,Rice,Kharif Grain,1.6,-5.6,2367.6,23.68
2023,9,Wheat,Rabi Grain,1.6,-5.6,2222.0,22.22
2023,9,Maize,Coarse Grain,1.6,-5.6,2070.3,20.7
2023,9,Barley,Rabi Grain,1.6,-5.6,1885.1,18.85
2023,9,Tur_Arhar,Pulse,1.6,-5.6,7543.3,75.43
2023,9,Chana_Gram,Pulse,1.6,-5.6,5007.5,50.08
2023,9,Moong,Pulse,1.6,-5.6,7790.6,77.91
2023,9,Urad,Pulse,1.6,-5.6,7198.9,71.99
2023,9,Soybean,Oilseed,1.6,-5.6,5194.5,51.95
2023,9,Mustard,Oilseed,1.6,-5.6,5324.6,53.25
2023,9,Groundnut,Oilseed,1.6,-5.6,6130.4,61.3
2023,9,Sugarcane,Commercial,1.6,-5.6,379.2,3.79
2023,10,Rice,Kharif Grain,1.6,-5.6,2367.6,23.68
2023,10,Wheat,Rabi Grain,1.6,-5.6,2222.0,22.22
2023,10,Maize,Coarse Grain,1.6,-5.6,2070.3,20.7
2023,10,Barley,Rabi Grain,1.6,-5.6,1885.1,18.85
2023,10,Tur_Arhar,Pulse,1.6,-5.6,7543.3,75.43
2023,10,Chana_Gram,Pulse,1.6,-5.6,5007.5,50.08
2023,10,Moong,Pulse,1.6,-5.6,7790.6,77.91
2023,10,Urad,Pulse,1.6,-5.6,7198.9,71.99
2023,10,Soybean,Oilseed,1.6,-5.6,5194.5,51.95
2023,10,Mustard,Oilseed,1.6,-5.6,5324.6,53.25
2023,10,Groundnut,Oilseed,1.6,-5.6,6130.4,61.3
2023,10,Sugarcane,Commercial,1.6,-5.6,379.2,3.79
2023,11,Rice,Kharif Grain,1.6,-5.6,2367.6,23.68
2023,11,Wheat,Rabi Grain,1.6,-5.6,2222.0,22.22
2023,11,Maize,Coarse Grain,1.6,-5.6,2070.3,20.7
2023,11,Barley,Rabi Grain,1.6,-5.6,1885.1,18.85
2023,11,Tur_Arhar,Pulse,1.6,-5.6,7543.3,75.43
2023,11,Chana_Gram,Pulse,1.6,-5.6,5007.5,50.08
2023,11,Moong,Pulse,1.6,-5.6,7790.6,77.91
2023,11,Urad,Pulse,1.6,-5.6,7198.9,71.99
2023,11,Soybean,Oilseed,1.6,-5.6,5194.5,51.95
2023,11,Mustard,Oilseed,1.6,-5.6,5324.6,53.25
2023,11,Groundnut,Oilseed,1.6,-5.6,6130.4,61.3
2023,11,Sugarcane,Commercial,1.6,-5.6,379.2,3.79
2023,12,Rice,Kharif Grain,1.6,-5.6,2367.6,23.68
2023,12,Wheat,Rabi Grain,1.6,-5.6,2222.0,22.22
2023,12,Maize,Coarse Grain,1.6,-5.6,2070.3,20.7
2023,12,Barley,Rabi Grain,1.6,-5.6,1885.1,18.85
2023,12,Tur_Arhar,Pulse,1.6,-5.6,7543.3,75.43
2023,12,Chana_Gram,Pulse,1.6,-5.6,5007.5,50.08
2023,12,Moong,Pulse,1.6,-5.6,7790.6,77.91
2023,12,Urad,Pulse,1.6,-5.6,7198.9,71.99
2023,12,Soybean,Oilseed,1.6,-5.6,5194.5,51.95
2023,12,Mustard,Oilseed,1.6,-5.6,5324.6,53.25
2023,12,Groundnut,Oilseed,1.6,-5.6,6130.4,61.3
2023,12,Sugarcane,Commercial,1.6,-5.6,379.2,3.79
2024,1,Rice,Kharif Grain,-0.3,7.6,2316.0,23.16
2024,1,Wheat,Rabi Grain,-0.3,7.6,2212.0,22.12
2024,1,Maize,Coarse Grain,-0.3,7.6,2010.0,20.1
2024,1,Barley,Rabi Grain,-0.3,7.6,1872.0,18.72
2024,1,Tur_Arhar,Pulse,-0.3,7.6,7110.0,71.1
2024,1,Chana_Gram,Pulse,-0.3,7.6,4940.0,49.4
2024,1,Moong,Pulse,-0.3,7.6,7400.0,74.0
2024,1,Urad,Pulse,-0.3,7.6,6820.0,68.2
2024,1,Soybean,Oilseed,-0.3,7.6,4860.0,48.6
2024,1,Mustard,Oilseed,-0.3,7.6,5280.0,52.8
2024,1,Groundnut,Oilseed,-0.3,7.6,5860.0,58.6
2024,1,Sugarcane,Commercial,-0.3,7.6,373.0,3.73
2024,2,Rice,Kharif Grain,-0.3,7.6,2316.0,23.16
2024,2,Wheat,Rabi Grain,-0.3,7.6,2212.0,22.12
2024,2,Maize,Coarse Grain,-0.3,7.6,2010.0,20.1
2024,2,Barley,Rabi Grain,-0.3,7.6,1872.0,18.72
2024,2,Tur_Arhar,Pulse,-0.3,7.6,7110.0,71.1
2024,2,Chana_Gram,Pulse,-0.3,7.6,4940.0,49.4
2024,2,Moong,Pulse,-0.3,7.6,7400.0,74.0
2024,2,Urad,Pulse,-0.3,7.6,6820.0,68.2
2024,2,Soybean,Oilseed,-0.3,7.6,4860.0,48.6
2024,2,Mustard,Oilseed,-0.3,7.6,5280.0,52.8
2024,2,Groundnut,Oilseed,-0.3,7.6,5860.0,58.6
2024,2,Sugarcane,Commercial,-0.3,7.6,373.0,3.73
2024,3,Rice,Kharif Grain,-0.3,7.6,2316.0,23.16
2024,3,Wheat,Rabi Grain,-0.3,7.6,2212.0,22.12
2024,3,Maize,Coarse Grain,-0.3,7.6,2010.0,20.1
2024,3,Barley,Rabi Grain,-0.3,7.6,1872.0,18.72
2024,3,Tur_Arhar,Pulse,-0.3,7.6,7110.0,71.1
2024,3,Chana_Gram,Pulse,-0.3,7.6,4940.0,49.4
2024,3,Moong,Pulse,-0.3,7.6,7400.0,74.0
2024,3,Urad,Pulse,-0.3,7.6,6820.0,68.2
2024,3,Soybean,Oilseed,-0.3,7.6,4860.0,48.6
2024,3,Mustard,Oilseed,-0.3,7.6,5280.0,52.8
2024,3,Groundnut,Oilseed,-0.3,7.6,5860.0,58.6
2024,3,Sugarcane,Commercial,-0.3,7.6,373.0,3.73
2024,4,Rice,Kharif Grain,-0.3,7.6,2316.0,23.16
2024,4,Wheat,Rabi Grain,-0.3,7.6,2212.0,22.12
2024,4,Maize,Coarse Grain,-0.3,7.6,2010.0,20.1
2024,4,Barley,Rabi Grain,-0.3,7.6,1872.0,18.72
2024,4,Tur_Arhar,Pulse,-0.3,7.6,7110.0,71.1
2024,4,Chana_Gram,Pulse,-0.3,7.6,4940.0,49.4
2024,4,Moong,Pulse,-0.3,7.6,7400.0,74.0
2024,4,Urad,Pulse,-0.3,7.6,6820.0,68.2
2024,4,Soybean,Oilseed,-0.3,7.6,4860.0,48.6
2024,4,Mustard,Oilseed,-0.3,7.6,5280.0,52.8
2024,4,Groundnut,Oilseed,-0.3,7.6,5860.0,58.6
2024,4,Sugarcane,Commercial,-0.3,7.6,373.0,3.73
2024,5,Rice,Kharif Grain,-0.3,7.6,2316.0,23.16
2024,5,Wheat,Rabi Grain,-0.3,7.6,2212.0,22.12
2024,5,Maize,Coarse Grain,-0.3,7.6,2010.0,20.1
2024,5,Barley,Rabi Grain,-0.3,7.6,1872.0,18.72
2024,5,Tur_Arhar,Pulse,-0.3,7.6,7110.0,71.1
2024,5,Chana_Gram,Pulse,-0.3,7.6,4940.0,49.4
2024,5,Moong,Pulse,-0.3,7.6,7400.0,74.0
2024,5,Urad,Pulse,-0.3,7.6,6820.0,68.2
2024,5,Soybean,Oilseed,-0.3,7.6,4860.0,48.6
2024,5,Mustard,Oilseed,-0.3,7.6,5280.0,52.8
2024,5,Groundnut,Oilseed,-0.3,7.6,5860.0,58.6
2024,5,Sugarcane,Commercial,-0.3,7.6,373.0,3.73
2024,6,Rice,Kharif Grain,-0.3,7.6,2316.0,23.16
2024,6,Wheat,Rabi Grain,-0.3,7.6,2212.0,22.12
2024,6,Maize,Coarse Grain,-0.3,7.6,2010.0,20.1
2024,6,Barley,Rabi Grain,-0.3,7.6,1872.0,18.72
2024,6,Tur_Arhar,Pulse,-0.3,7.6,7110.0,71.1
2024,6,Chana_Gram,Pulse,-0.3,7.6,4940.0,49.4
2024,6,Moong,Pulse,-0.3,7.6,7400.0,74.0
2024,6,Urad,Pulse,-0.3,7.6,6820.0,68.2
2024,6,Soybean,Oilseed,-0.3,7.6,4860.0,48.6
2024,6,Mustard,Oilseed,-0.3,7.6,5280.0,52.8
2024,6,Groundnut,Oilseed,-0.3,7.6,5860.0,58.6
2024,6,Sugarcane,Commercial,-0.3,7.6,373.0,3.73
2024,7,Rice,Kharif Grain,-0.3,7.6,2316.0,23.16
2024,7,Wheat,Rabi Grain,-0.3,7.6,2212.0,22.12
2024,7,Maize,Coarse Grain,-0.3,7.6,2010.0,20.1
2024,7,Barley,Rabi Grain,-0.3,7.6,1872.0,18.72
2024,7,Tur_Arhar,Pulse,-0.3,7.6,7110.0,71.1
2024,7,Chana_Gram,Pulse,-0.3,7.6,4940.0,49.4
2024,7,Moong,Pulse,-0.3,7.6,7400.0,74.0
2024,7,Urad,Pulse,-0.3,7.6,6820.0,68.2
2024,7,Soybean,Oilseed,-0.3,7.6,4860.0,48.6
2024,7,Mustard,Oilseed,-0.3,7.6,5280.0,52.8
2024,7,Groundnut,Oilseed,-0.3,7.6,5860.0,58.6
2024,7,Sugarcane,Commercial,-0.3,7.6,373.0,3.73
2024,8,Rice,Kharif Grain,-0.3,7.6,2316.0,23.16
2024,8,Wheat,Rabi Grain,-0.3,7.6,2212.0,22.12
2024,8,Maize,Coarse Grain,-0.3,7.6,2010.0,20.1
2024,8,Barley,Rabi Grain,-0.3,7.6,1872.0,18.72
2024,8,Tur_Arhar,Pulse,-0.3,7.6,7110.0,71.1
2024,8,Chana_Gram,Pulse,-0.3,7.6,4940.0,49.4
2024,8,Moong,Pulse,-0.3,7.6,7400.0,74.0
2024,8,Urad,Pulse,-0.3,7.6,6820.0,68.2
2024,8,Soybean,Oilseed,-0.3,7.6,4860.0,48.6
2024,8,Mustard,Oilseed,-0.3,7.6,5280.0,52.8
2024,8,Groundnut,Oilseed,-0.3,7.6,5860.0,58.6
2024,8,Sugarcane,Commercial,-0.3,7.6,373.0,3.73
2024,9,Rice,Kharif Grain,-0.3,7.6,2316.0,23.16
2024,9,Wheat,Rabi Grain,-0.3,7.6,2212.0,22.12
2024,9,Maize,Coarse Grain,-0.3,7.6,2010.0,20.1
2024,9,Barley,Rabi Grain,-0.3,7.6,1872.0,18.72
2024,9,Tur_Arhar,Pulse,-0.3,7.6,7110.0,71.1
2024,9,Chana_Gram,Pulse,-0.3,7.6,4940.0,49.4
2024,9,Moong,Pulse,-0.3,7.6,7400.0,74.0
2024,9,Urad,Pulse,-0.3,7.6,6820.0,68.2
2024,9,Soybean,Oilseed,-0.3,7.6,4860.0,48.6
2024,9,Mustard,Oilseed,-0.3,7.6,5280.0,52.8
2024,9,Groundnut,Oilseed,-0.3,7.6,5860.0,58.6
2024,9,Sugarcane,Commercial,-0.3,7.6,373.0,3.73
2024,10,Rice,Kharif Grain,-0.3,7.6,2316.0,23.16
2024,10,Wheat,Rabi Grain,-0.3,7.6,2212.0,22.12
2024,10,Maize,Coarse Grain,-0.3,7.6,2010.0,20.1
2024,10,Barley,Rabi Grain,-0.3,7.6,1872.0,18.72
2024,10,Tur_Arhar,Pulse,-0.3,7.6,7110.0,71.1
2024,10,Chana_Gram,Pulse,-0.3,7.6,4940.0,49.4
2024,10,Moong,Pulse,-0.3,7.6,7400.0,74.0
2024,10,Urad,Pulse,-0.3,7.6,6820.0,68.2
2024,10,Soybean,Oilseed,-0.3,7.6,4860.0,48.6
2024,10,Mustard,Oilseed,-0.3,7.6,5280.0,52.8
2024,10,Groundnut,Oilseed,-0.3,7.6,5860.0,58.6
2024,10,Sugarcane,Commercial,-0.3,7.6,373.0,3.73
2024,11,Rice,Kharif Grain,-0.3,7.6,2316.0,23.16
2024,11,Wheat,Rabi Grain,-0.3,7.6,2212.0,22.12
2024,11,Maize,Coarse Grain,-0.3,7.6,2010.0,20.1
2024,11,Barley,Rabi Grain,-0.3,7.6,1872.0,18.72
2024,11,Tur_Arhar,Pulse,-0.3,7.6,7110.0,71.1
2024,11,Chana_Gram,Pulse,-0.3,7.6,4940.0,49.4
2024,11,Moong,Pulse,-0.3,7.6,7400.0,74.0
2024,11,Urad,Pulse,-0.3,7.6,6820.0,68.2
2024,11,Soybean,Oilseed,-0.3,7.6,4860.0,48.6
2024,11,Mustard,Oilseed,-0.3,7.6,5280.0,52.8
2024,11,Groundnut,Oilseed,-0.3,7.6,5860.0,58.6
2024,11,Sugarcane,Commercial,-0.3,7.6,373.0,3.73
2024,12,Rice,Kharif Grain,-0.3,7.6,2316.0,23.16
2024,12,Wheat,Rabi Grain,-0.3,7.6,2212.0,22.12
2024,12,Maize,Coarse Grain,-0.3,7.6,2010.0,20.1
2024,12,Barley,Rabi Grain,-0.3,7.6,1872.0,18.72
2024,12,Tur_Arhar,Pulse,-0.3,7.6,7110.0,71.1
2024,12,Chana_Gram,Pulse,-0.3,7.6,4940.0,49.4
2024,12,Moong,Pulse,-0.3,7.6,7400.0,74.0
2024,12,Urad,Pulse,-0.3,7.6,6820.0,68.2
2024,12,Soybean,Oilseed,-0.3,7.6,4860.0,48.6
2024,12,Mustard,Oilseed,-0.3,7.6,5280.0,52.8
2024,12,Groundnut,Oilseed,-0.3,7.6,5860.0,58.6
2024,12,Sugarcane,Commercial,-0.3,7.6,373.0,3.73
